ID;TOWN;TOWNNO;TRACT;LON;LAT;x;y;MEDV;CMEDV;CRIM;ZN;INDUS;CHAS;NOX;RM;AGE;DIS;RAD;TAX;PTRATIO;B;LSTAT
1;0;0;2011,00;-70,9550;42,2550;338,730;4679,730;24,0;24,0;0,006320;18,0;2,310;0;0,5380;6,5750;65,20;4,09000;1;296;15,30;396,90;4,980
2;0;1;2021,00;-70,9500;42,2875;339,230;4683,330;21,6;21,6;0,027310;0,0;7,070;0;0,4690;6,4210;78,90;4,96710;2;242;17,80;396,90;9,140
3;0;1;2022,00;-70,9360;42,2830;340,370;4682,800;34,7;34,7;0,027290;0,0;7,070;0;0,4690;7,1850;61,10;4,96710;2;242;17,80;392,83;4,030
4;0;2;2031,00;-70,9280;42,2930;341,050;4683,890;33,4;33,4;0,032370;0,0;2,180;0;0,4580;6,9980;45,80;6,06220;3;222;18,70;394,63;2,940
5;0;2;2032,00;-70,9220;42,2980;341,560;4684,440;36,2;36,2;0,069050;0,0;2,180;0;0,4580;7,1470;54,20;6,06220;3;222;18,70;396,90;5,330
6;0;2;2033,00;-70,9165;42,3040;342,030;4685,090;28,7;28,7;0,029850;0,0;2,180;0;0,4580;6,4300;58,70;6,06220;3;222;18,70;394,12;5,210
7;0;3;2041,00;-70,9360;42,2970;340,410;4684,350;22,9;22,9;0,088290;12,5;7,870;0;0,5240;6,0120;66,60;5,56050;5;311;15,20;395,60;12,430
8;0;3;2042,00;-70,9375;42,3100;340,310;4685,800;27,1;22,1;0,144550;12,5;7,870;0;0,5240;6,1720;96,10;5,95050;5;311;15,20;396,90;19,150
9;0;3;2043,00;-70,9330;42,3120;340,690;4686,010;16,5;16,5;0,211240;12,5;7,870;0;0,5240;5,6310;100,00;6,08210;5;311;15,20;386,63;29,930
10;0;3;2044,00;-70,9290;42,3160;341,030;4686,450;18,9;18,9;0,170040;12,5;7,870;0;0,5240;6,0040;85,90;6,59210;5;311;15,20;386,71;17,100
11;0;3;2045,00;-70,9350;42,3160;340,540;4686,460;15,0;15,0;0,224890;12,5;7,870;0;0,5240;6,3770;94,30;6,34670;5;311;15,20;392,52;20,450
12;0;3;2046,00;-70,9440;42,3170;339,800;4686,590;18,9;18,9;0,117470;12,5;7,870;0;0,5240;6,0090;82,90;6,22670;5;311;15,20;396,90;13,270
13;0;3;2047,00;-70,9510;42,3060;339,190;4685,380;21,7;21,7;0,093780;12,5;7,870;0;0,5240;5,8890;39,00;5,45090;5;311;15,20;390,50;15,710
14;0;4;2051,00;-70,9645;42,2920;338,040;4683,850;20,4;20,4;0,629760;0,0;8,140;0;0,5380;5,9490;61,80;4,70750;4;307;21,00;396,90;8,260
15;0;4;2052,00;-70,9720;42,2870;337,410;4683,310;18,2;18,2;0,637960;0,0;8,140;0;0,5380;6,0960;84,50;4,46190;4;307;21,00;380,02;10,260
16;0;4;2053,00;-70,9765;42,2940;337,060;4684,100;19,9;19,9;0,627390;0,0;8,140;0;0,5380;5,8340;56,50;4,49860;4;307;21,00;395,62;8,470
17;0;4;2054,00;-70,9870;42,2985;336,210;4684,620;23,1;23,1;1,053930;0,0;8,140;0;0,5380;5,9350;29,30;4,49860;4;307;21,00;386,85;6,580
18;0;4;2055,00;-70,9780;42,2850;336,910;4683,100;17,5;17,5;0,784200;0,0;8,140;0;0,5380;5,9900;81,70;4,25790;4;307;21,00;386,75;14,670
19;0;4;2056,00;-70,9925;42,2825;335,710;4682,850;20,2;20,2;0,802710;0,0;8,140;0;0,5380;5,4560;36,60;3,79650;4;307;21,00;288,99;11,690
20;0;4;2057,00;-70,9880;42,2776;336,070;4682,300;18,2;18,2;0,725800;0,0;8,140;0;0,5380;5,7270;69,50;3,79650;4;307;21,00;390,95;11,280
21;0;4;2058,00;-70,9835;42,2770;336,440;4682,220;13,6;13,6;1,251790;0,0;8,140;0;0,5380;5,5700;98,10;3,79790;4;307;21,00;376,57;21,020
22;0;4;2059,00;-70,9820;42,2810;336,570;4682,660;19,6;19,6;0,852040;0,0;8,140;0;0,5380;5,9650;89,20;4,01230;4;307;21,00;392,53;13,830
23;0;4;2060,00;-70,9775;42,2790;336,940;4682,430;15,2;15,2;1,232470;0,0;8,140;0;0,5380;6,1420;91,70;3,97690;4;307;21,00;396,90;18,720
24;0;4;2061,00;-70,9730;42,2790;337,310;4682,420;14,5;14,5;0,988430;0,0;8,140;0;0,5380;5,8130;100,00;4,09520;4;307;21,00;394,54;19,880
25;0;4;2062,00;-70,9693;42,2816;337,620;4682,710;15,6;15,6;0,750260;0,0;8,140;0;0,5380;5,9240;94,10;4,39960;4;307;21,00;394,33;16,300
26;0;4;2063,00;-70,9640;42,2840;338,060;4682,960;13,9;13,9;0,840540;0,0;8,140;0;0,5380;5,5990;85,70;4,45460;4;307;21,00;303,42;16,510
27;0;4;2064,00;-70,9597;42,2870;338,430;4683,290;16,6;16,6;0,671910;0,0;8,140;0;0,5380;5,8130;90,30;4,68200;4;307;21,00;376,88;14,810
28;0;4;2065,00;-70,9597;42,2825;338,410;4682,790;14,8;14,8;0,955770;0,0;8,140;0;0,5380;6,0470;88,80;4,45340;4;307;21,00;306,38;17,280
29;0;4;2066,00;-70,9570;42,2800;338,630;4682,510;18,4;18,4;0,772990;0,0;8,140;0;0,5380;6,4950;94,40;4,45470;4;307;21,00;387,94;12,800
30;0;4;2067,00;-70,9510;42,2780;339,120;4682,270;21,0;21,0;1,002450;0,0;8,140;0;0,5380;6,6740;87,30;4,23900;4;307;21,00;380,23;11,980
31;0;4;2068,00;-70,9670;42,2790;337,800;4682,410;12,7;12,7;1,130810;0,0;8,140;0;0,5380;5,7130;94,10;4,23300;4;307;21,00;360,17;22,600
32;0;4;2069,00;-70,9640;42,2765;338,040;4682,130;14,5;14,5;1,354720;0,0;8,140;0;0,5380;6,0720;100,00;4,17500;4;307;21,00;376,73;13,040
33;0;4;2070,00;-70,9720;42,2765;337,380;4682,150;13,2;13,2;1,387990;0,0;8,140;0;0,5380;5,9500;82,00;3,99000;4;307;21,00;232,60;27,710
34;0;4;2071,00;-70,9795;42,2760;336,770;4682,100;13,1;13,1;1,151720;0,0;8,140;0;0,5380;5,7010;95,00;3,78720;4;307;21,00;358,77;18,350
35;0;4;2072,00;-70,9775;42,2720;336,920;4681,660;13,5;13,5;1,612820;0,0;8,140;0;0,5380;6,0960;96,90;3,75980;4;307;21,00;248,31;20,340
36;0;5;2081,00;-71,0000;42,2700;335,060;4681,480;18,9;18,9;0,064170;0,0;5,960;0;0,4990;5,9330;68,20;3,36030;5;279;19,20;396,90;9,680
37;0;5;2082,00;-71,0080;42,2745;334,410;4681,990;20,0;20,0;0,097440;0,0;5,960;0;0,4990;5,8410;61,40;3,37790;5;279;19,20;377,56;11,410
38;0;5;2083,00;-71,0040;42,2865;334,770;4683,320;21,0;21,0;0,080140;0,0;5,960;0;0,4990;5,8500;41,50;3,93420;5;279;19,20;396,90;8,770
39;0;5;2084,00;-71,0200;42,2875;333,460;4683,460;24,7;24,2;0,175050;0,0;5,960;0;0,4990;5,9660;30,20;3,84730;5;279;19,20;393,43;10,130
40;0;6;2091,00;-71,0130;42,3130;334,100;4686,280;30,8;30,8;0,027630;75,0;2,950;0;0,4280;6,5950;21,80;5,40110;3;252;18,30;395,63;4,320
41;0;6;2092,00;-71,0300;42,3240;332,730;4687,530;34,9;34,9;0,033590;75,0;2,950;0;0,4280;7,0240;15,80;5,40110;3;252;18,30;395,62;1,980
42;0;7;2101,00;-71,0040;42,3350;334,900;4688,700;26,6;26,6;0,127440;0,0;6,910;0;0,4480;6,7700;2,90;5,72090;3;233;17,90;385,41;4,840
43;0;7;2102,00;-71,0030;42,3235;334,950;4687,420;25,3;25,3;0,141500;0,0;6,910;0;0,4480;6,1690;6,60;5,72090;3;233;17,90;383,37;5,810
44;0;7;2103,00;-70,9775;42,3237;337,050;4687,400;24,7;24,7;0,159360;0,0;6,910;0;0,4480;6,2110;6,50;5,72090;3;233;17,90;394,46;7,440
45;0;7;2104,00;-70,9675;42,3170;337,860;4686,630;21,2;21,2;0,122690;0,0;6,910;0;0,4480;6,0690;40,00;5,72090;3;233;17,90;389,39;9,550
46;0;7;2105,00;-70,9725;42,3075;337,420;4685,590;19,3;19,3;0,171420;0,0;6,910;0;0,4480;5,6820;33,80;5,10040;3;233;17,90;396,90;10,210
47;0;7;2106,00;-70,9650;42,3075;338,040;4685,570;20,0;20,0;0,188360;0,0;6,910;0;0,4480;5,7860;33,30;5,10040;3;233;17,90;396,90;14,150
48;0;7;2107,00;-70,9560;42,3125;338,800;4686,110;16,6;16,6;0,229270;0,0;6,910;0;0,4480;6,0300;85,50;5,68940;3;233;17,90;392,74;18,800
49;0;7;2108,00;-70,9550;42,3165;338,890;4686,550;14,4;14,4;0,253870;0,0;6,910;0;0,4480;5,3990;95,30;5,87000;3;233;17,90;396,90;30,810
50;0;7;2109,00;-70,9525;42,3208;339,110;4687,030;19,4;19,4;0,219770;0,0;6,910;0;0,4480;5,6020;62,00;6,08770;3;233;17,90;396,90;16,200
51;0;8;2111,00;-70,9510;42,3340;339,260;4688,490;19,7;19,7;0,088730;21,0;5,640;0;0,4390;5,9630;45,70;6,81470;4;243;16,80;395,56;13,450
52;0;8;2112,00;-70,9630;42,3382;338,290;4688,980;20,5;20,5;0,043370;21,0;5,640;0;0,4390;6,1150;63,00;6,81470;4;243;16,80;393,97;9,430
53;0;8;2113,00;-70,9580;42,3460;338,720;4689,840;25,0;25,0;0,053600;21,0;5,640;0;0,4390;6,5110;21,10;6,81470;4;243;16,80;396,90;5,280
54;0;8;2114,00;-70,9780;42,3425;337,060;4689,490;23,4;23,4;0,049810;21,0;5,640;0;0,4390;5,9980;21,40;6,81470;4;243;16,80;396,90;8,430
55;0;9;2121,00;-71,0175;42,3715;333,880;4692,780;18,9;18,9;0,013600;75,0;4,000;0;0,4100;5,8880;47,60;7,31970;3;469;21,10;396,90;14,800
56;0;10;2141,00;-70,9625;42,3810;338,440;4693,730;35,4;35,4;0,013110;90,0;1,220;0;0,4030;7,2490;21,90;8,69660;5;226;17,90;395,93;4,810
57;0;11;2151,00;-70,9300;42,3740;341,090;4692,890;24,7;24,7;0,020550;85,0;0,740;0;0,4100;6,3830;35,70;9,18760;2;313;17,30;396,90;5,770
58;0;12;2161,00;-70,9295;42,3715;341,130;4692,610;31,6;31,6;0,014320;100,0;1,320;0;0,4110;6,8160;40,50;8,32480;5;256;15,10;392,90;3,950
59;0;13;2171,00;-70,9385;42,3460;340,320;4689,800;23,3;23,3;0,154450;25,0;5,130;0;0,4530;6,1450;29,20;7,81480;8;284;19,70;390,68;6,860
60;0;13;2172,00;-70,9400;42,3320;340,160;4688,250;19,6;19,6;0,103280;25,0;5,130;0;0,4530;5,9270;47,20;6,93200;8;284;19,70;396,90;9,220
61;0;13;2173,00;-70,9300;42,3370;341,000;4688,780;18,7;18,7;0,149320;25,0;5,130;0;0,4530;5,7410;66,20;7,22540;8;284;19,70;395,11;13,150
62;0;13;2174,00;-70,9300;42,3275;340,980;4687,730;16,0;16,0;0,171710;25,0;5,130;0;0,4530;5,9660;93,40;6,81850;8;284;19,70;378,08;14,440
63;0;13;2175,00;-70,9215;42,3320;341,690;4688,210;22,2;22,2;0,110270;25,0;5,130;0;0,4530;6,4560;67,80;7,22550;8;284;19,70;396,90;6,730
64;0;13;2176,00;-70,9075;42,3390;342,860;4688,960;25,0;25,0;0,126500;25,0;5,130;0;0,4530;6,7620;43,40;7,98090;8;284;19,70;395,58;9,500
65;0;14;2181,00;-70,8600;42,3450;346,790;4689,540;33,0;33,0;0,019510;17,5;1,380;0;0,4160;7,1040;59,50;9,22290;3;216;18,60;393,24;8,050
66;0;15;3301,00;-71,0450;42,3450;331,550;4689,890;23,5;23,5;0,035840;80,0;3,370;0;0,3980;6,2900;17,80;6,61150;4;337;16,10;396,90;4,670
67;0;15;3302,00;-71,0690;42,3525;329,590;4690,770;19,4;19,4;0,043790;80,0;3,370;0;0,3980;5,7870;31,10;6,61150;4;337;16,10;396,90;10,240
68;0;16;3311,00;-71,0900;42,3362;327,820;4689,010;22,0;22,0;0,057890;12,5;6,070;0;0,4090;5,8780;21,40;6,49800;4;345;18,90;396,21;8,100
69;0;16;3312,00;-71,1080;42,3400;326,340;4689,470;17,4;17,4;0,135540;12,5;6,070;0;0,4090;5,5940;36,80;6,49800;4;345;18,90;396,90;13,090
70;0;16;3313,00;-71,1110;42,3270;326,060;4688,030;20,9;20,9;0,128160;12,5;6,070;0;0,4090;5,8850;33,00;6,49800;4;345;18,90;396,90;8,790
71;0;17;3321,00;-71,1210;42,3160;325,210;4686,830;24,2;24,2;0,088260;0,0;10,810;0;0,4130;6,4170;6,60;5,28730;4;305;19,20;383,73;6,720
72;0;17;3322,00;-71,1095;42,3008;326,110;4685,120;21,7;21,7;0,158760;0,0;10,810;0;0,4130;5,9610;17,50;5,28730;4;305;19,20;376,94;9,880
73;0;17;3323,00;-71,1300;42,3050;324,430;4685,620;22,8;22,8;0,091640;0,0;10,810;0;0,4130;6,0650;7,80;5,28730;4;305;19,20;390,91;5,520
74;0;17;3324,00;-71,1230;42,2920;324,980;4684,170;23,4;23,4;0,195390;0,0;10,810;0;0,4130;6,2450;6,20;5,28730;4;305;19,20;377,17;7,540
75;0;18;3331,00;-71,1105;42,2890;326,000;4683,810;24,1;24,1;0,078960;0,0;12,830;0;0,4370;6,2730;6,00;4,25150;5;398;18,70;394,92;6,780
76;0;18;3332,00;-71,1000;42,2875;326,860;4683,620;21,4;21,4;0,095120;0,0;12,830;0;0,4370;6,2860;45,00;4,50260;5;398;18,70;383,23;8,940
77;0;18;3333,00;-71,0900;42,2835;327,670;4683,150;20,0;20,0;0,101530;0,0;12,830;0;0,4370;6,2790;74,50;4,05220;5;398;18,70;373,66;11,970
78;0;18;3334,00;-71,0760;42,2895;328,840;4683,790;20,8;20,8;0,087070;0,0;12,830;0;0,4370;6,1400;45,80;4,09050;5;398;18,70;386,96;10,270
79;0;18;3335,00;-71,0905;42,2950;327,660;4684,430;21,2;21,2;0,056460;0,0;12,830;0;0,4370;6,2320;53,70;5,01410;5;398;18,70;386,40;12,340
80;0;18;3336,00;-71,0910;42,3050;327,650;4685,540;20,3;20,3;0,083870;0,0;12,830;0;0,4370;5,8740;36,60;4,50260;5;398;18,70;396,06;9,100
81;0;19;3341,00;-71,0685;42,3080;329,510;4685,830;28,0;28,0;0,041130;25,0;4,860;0;0,4260;6,7270;33,50;5,40070;4;281;19,00;396,90;5,290
82;0;19;3342,00;-71,0690;42,3150;329,490;4686,610;23,9;23,9;0,044620;25,0;4,860;0;0,4260;6,6190;70,40;5,40070;4;281;19,00;395,63;7,220
83;0;19;3343,00;-71,0675;42,3260;329,640;4687,830;24,8;24,8;0,036590;25,0;4,860;0;0,4260;6,3020;32,20;5,40070;4;281;19,00;396,90;6,720
84;0;19;3344,00;-71,0575;42,3170;330,440;4686,810;22,9;22,9;0,035510;25,0;4,860;0;0,4260;6,1670;46,70;5,40070;4;281;19,00;390,64;7,510
85;0;20;3351,00;-71,0430;42,3075;331,610;4685,730;23,9;23,9;0,050590;0,0;4,490;0;0,4490;6,3890;48,00;4,77940;3;247;18,50;396,90;9,620
86;0;20;3352,00;-71,0500;42,3000;331,020;4684,910;26,6;26,6;0,057350;0,0;4,490;0;0,4490;6,6300;56,10;4,43770;3;247;18,50;392,30;6,530
87;0;20;3353,00;-71,0330;42,3050;332,430;4685,430;22,5;22,5;0,051880;0,0;4,490;0;0,4490;6,0150;45,10;4,42720;3;247;18,50;395,99;12,860
88;0;20;3354,00;-71,0390;42,2885;331,890;4683,610;22,2;22,2;0,071510;0,0;4,490;0;0,4490;6,1210;56,80;3,74760;3;247;18,50;395,15;8,440
89;0;21;3361,00;-71,0420;42,2796;331,620;4682,630;23,6;23,6;0,056600;0,0;3,410;0;0,4890;7,0070;86,30;3,42170;2;270;17,80;396,90;5,500
90;0;21;3362,00;-71,0345;42,2785;332,240;4682,490;28,7;28,7;0,053020;0,0;3,410;0;0,4890;7,0790;63,10;3,41450;2;270;17,80;396,06;5,700
91;0;21;3363,00;-71,0300;42,2720;332,590;4681,760;22,6;22,6;0,046840;0,0;3,410;0;0,4890;6,4170;66,10;3,09230;2;270;17,80;392,18;8,810
92;0;21;3364,00;-71,0425;42,2715;331,560;4681,730;22,0;22,0;0,039320;0,0;3,410;0;0,4890;6,4050;73,90;3,09210;2;270;17,80;393,55;8,200
93;0;22;3371,00;-71,0530;42,2830;330,720;4683,030;22,9;22,9;0,042030;28,0;15,040;0;0,4640;6,4420;53,60;3,66590;4;270;18,20;395,01;8,160
94;0;22;3372,00;-71,0620;42,2960;330,020;4684,490;25,0;25,0;0,028750;28,0;15,040;0;0,4640;6,2110;28,90;3,66590;4;270;18,20;396,33;6,210
95;0;22;3373,00;-71,0615;42,2840;330,020;4683,150;20,6;20,6;0,042940;28,0;15,040;0;0,4640;6,2490;77,30;3,61500;4;270;18,20;396,90;10,590
96;0;23;3381,00;-71,0760;42,2775;328,810;4682,460;28,4;28,4;0,122040;0,0;2,890;0;0,4450;6,6250;57,80;3,49520;2;276;18,00;357,98;6,650
97;0;23;3382,00;-71,0850;42,2775;328,070;4682,480;21,4;21,4;0,115040;0,0;2,890;0;0,4450;6,1630;69,60;3,49520;2;276;18,00;391,83;11,340
98;0;23;3383,00;-71,0890;42,2715;327,720;4681,820;38,7;38,7;0,120830;0,0;2,890;0;0,4450;8,0690;76,00;3,49520;2;276;18,00;396,90;4,210
99;0;23;3384,00;-71,0982;42,2685;326,960;4681,510;43,8;43,8;0,081870;0,0;2,890;0;0,4450;7,8200;36,90;3,49520;2;276;18,00;393,53;3,570
100;0;23;3385,00;-71,0800;42,2680;328,460;4681,410;33,2;33,2;0,068600;0,0;2,890;0;0,4450;7,4160;62,50;3,49520;2;276;18,00;396,90;6,190
101;0;24;3391,00;-71,0668;42,2545;329,510;4679,890;27,5;27,5;0,148660;0,0;8,560;0;0,5200;6,7270;79,90;2,77780;5;384;20,90;394,76;9,420
102;0;24;3392,00;-71,0810;42,2450;328,310;4678,860;26,5;26,5;0,114320;0,0;8,560;0;0,5200;6,7810;71,30;2,85610;5;384;20,90;395,58;7,670
103;0;24;3393,00;-71,0812;42,2515;328,310;4679,580;18,6;18,6;0,228760;0,0;8,560;0;0,5200;6,4050;85,40;2,71470;5;384;20,90;70,80;10,630
104;0;24;3394,00;-71,0770;42,2490;328,650;4679,300;19,3;19,3;0,211610;0,0;8,560;0;0,5200;6,1370;87,40;2,71470;5;384;20,90;394,47;13,440
105;0;24;3395,00;-71,0690;42,2480;329,310;4679,170;20,1;20,1;0,139600;0,0;8,560;0;0,5200;6,1670;90,00;2,42100;5;384;20,90;392,69;12,330
106;0;24;3396,00;-71,0662;42,2425;329,530;4678,550;19,5;19,5;0,132620;0,0;8,560;0;0,5200;5,8510;96,70;2,10690;5;384;20,90;394,05;16,470
107;0;24;3397,00;-71,0622;42,2431;329,860;4678,610;19,5;19,5;0,171200;0,0;8,560;0;0,5200;5,8360;91,90;2,21100;5;384;20,90;395,67;18,660
108;0;24;3398,00;-71,0553;42,2465;330,440;4678,980;20,4;20,4;0,131170;0,0;8,560;0;0,5200;6,1270;85,20;2,12240;5;384;20,90;387,69;14,090
109;0;24;3399,00;-71,0550;42,2505;330,470;4679,420;19,8;19,8;0,128020;0,0;8,560;0;0,5200;6,4740;97,10;2,43290;5;384;20,90;395,24;12,270
110;0;24;3400,00;-71,0600;42,2540;330,070;4679,820;19,4;19,4;0,263630;0,0;8,560;0;0,5200;6,2290;91,20;2,54510;5;384;20,90;391,23;15,550
111;0;24;3401,00;-71,0560;42,2605;330,410;4680,530;21,7;21,7;0,107930;0,0;8,560;0;0,5200;6,1950;54,40;2,77780;5;384;20,90;393,49;13,000
112;0;25;3411,00;-71,0475;42,2610;331,120;4680,570;22,8;22,8;0,100840;0,0;10,010;0;0,5470;6,7150;81,60;2,67750;6;432;17,80;395,59;10,160
113;0;25;3412,00;-71,0490;42,2530;330,970;4679,690;18,8;18,8;0,123290;0,0;10,010;0;0,5470;5,9130;92,90;2,35340;6;432;17,80;394,95;16,210
114;0;25;3413,00;-71,0428;42,2580;331,500;4680,230;18,7;18,7;0,222120;0,0;10,010;0;0,5470;6,0920;95,40;2,54800;6;432;17,80;396,90;17,090
115;0;25;3414,00;-71,0396;42,2512;331,740;4679,470;18,5;18,5;0,142310;0,0;10,010;0;0,5470;6,2540;84,20;2,25650;6;432;17,80;388,74;10,450
116;0;25;3415,00;-71,0355;42,2545;332,090;4679,830;18,3;18,3;0,171340;0,0;10,010;0;0,5470;5,9280;88,20;2,46310;6;432;17,80;344,91;15,760
117;0;25;3416,00;-71,0360;42,2608;332,070;4680,530;21,2;21,2;0,131580;0,0;10,010;0;0,5470;6,1760;72,50;2,73010;6;432;17,80;393,30;12,040
118;0;25;3417,00;-71,0285;42,2620;332,690;4680,640;19,2;19,2;0,150980;0,0;10,010;0;0,5470;6,0210;82,60;2,74740;6;432;17,80;394,51;10,300
119;0;25;3418,00;-71,0285;42,2580;332,680;4680,200;20,4;20,4;0,130580;0,0;10,010;0;0,5470;5,8720;73,10;2,47750;6;432;17,80;338,63;15,370
120;0;25;3419,00;-71,0190;42,2605;333,470;4680,460;19,3;19,3;0,144760;0,0;10,010;0;0,5470;5,7310;65,20;2,75920;6;432;17,80;391,50;13,610
121;0;26;3421,00;-71,0243;42,2483;333,000;4679,120;22,0;22,0;0,068990;0,0;25,650;0;0,5810;5,8700;69,70;2,25770;2;188;19,10;389,15;14,370
122;0;26;3422,00;-71,0312;42,2505;332,430;4679,370;20,3;20,3;0,071650;0,0;25,650;0;0,5810;6,0040;84,10;2,19740;2;188;19,10;377,67;14,270
123;0;26;3423,00;-71,0377;42,2470;331,890;4679,000;20,5;20,5;0,092990;0,0;25,650;0;0,5810;5,9610;92,90;2,08690;2;188;19,10;378,09;17,930
124;0;26;3424,00;-71,0370;42,2435;331,940;4678,610;17,3;17,3;0,150380;0,0;25,650;0;0,5810;5,8560;97,00;1,94440;2;188;19,10;370,31;25,410
125;0;26;3425,00;-71,0308;42,2450;332,450;4678,760;18,8;18,8;0,098490;0,0;25,650;0;0,5810;5,8790;95,80;2,00630;2;188;19,10;379,38;17,580
126;0;26;3426,00;-71,0262;42,2431;332,830;4678,540;21,4;21,4;0,169020;0,0;25,650;0;0,5810;5,9860;88,40;1,99290;2;188;19,10;385,02;14,810
127;0;26;3427,00;-71,0333;42,2395;332,230;4678,160;15,7;15,7;0,387350;0,0;25,650;0;0,5810;5,6130;95,60;1,75720;2;188;19,10;359,29;27,260
128;0;27;3501,00;-71,0530;42,2355;330,600;4677,750;16,2;16,2;0,259150;0,0;21,890;0;0,6240;5,6930;96,00;1,78830;4;437;21,20;392,11;17,190
129;0;27;3502,00;-71,0580;42,2350;330,180;4677,710;18,0;18,0;0,325430;0,0;21,890;0;0,6240;6,4310;98,80;1,81250;4;437;21,20;396,90;15,390
130;0;27;3503,00;-71,0638;42,2368;329,710;4677,920;14,3;14,3;0,881250;0,0;21,890;0;0,6240;5,6370;94,70;1,97990;4;437;21,20;396,90;18,340
131;0;27;3504,00;-71,0692;42,2390;329,270;4678,170;19,2;19,2;0,340060;0,0;21,890;0;0,6240;6,4580;98,90;2,11850;4;437;21,20;395,04;12,600
132;0;27;3505,00;-71,0750;42,2400;328,790;4678,290;19,6;19,6;1,192940;0,0;21,890;0;0,6240;6,3260;97,70;2,27100;4;437;21,20;396,90;12,260
133;0;27;3506,00;-71,0745;42,2405;328,830;4678,350;23,0;23,0;0,590050;0,0;21,890;0;0,6240;6,3720;97,90;2,32740;4;437;21,20;385,76;11,120
134;0;27;3507,00;-71,0790;42,2450;328,480;4678,860;18,4;18,4;0,329820;0,0;21,890;0;0,6240;5,8220;95,40;2,46990;4;437;21,20;388,69;15,030
135;0;27;3508,00;-71,0760;42,2405;328,710;4678,350;15,6;15,6;0,976170;0,0;21,890;0;0,6240;5,7570;98,40;2,34600;4;437;21,20;262,76;17,310
136;0;27;3509,00;-71,0750;42,2362;328,780;4677,870;18,1;18,1;0,557780;0,0;21,890;0;0,6240;6,3350;98,20;2,11070;4;437;21,20;394,67;16,960
137;0;27;3510,00;-71,0677;42,2335;329,380;4677,560;17,4;17,4;0,322640;0,0;21,890;0;0,6240;5,9420;93,50;1,96690;4;437;21,20;378,25;16,900
138;0;27;3511,00;-71,0630;42,2325;329,760;4677,440;17,1;17,1;0,352330;0,0;21,890;0;0,6240;6,4540;98,40;1,84980;4;437;21,20;394,08;14,590
139;0;27;3512,00;-71,0620;42,2275;329,830;4676,880;13,3;13,3;0,249800;0,0;21,890;0;0,6240;5,8570;98,20;1,66860;4;437;21,20;392,04;21,320
140;0;27;3513,00;-71,0568;42,2300;330,270;4677,150;17,8;17,8;0,544520;0,0;21,890;0;0,6240;6,1510;97,90;1,66870;4;437;21,20;396,90;18,460
141;0;27;3514,00;-71,0518;42,2312;330,680;4677,270;14,0;14,0;0,290900;0,0;21,890;0;0,6240;6,1740;93,60;1,61190;4;437;21,20;388,08;24,160
142;0;27;3515,00;-71,0543;42,2265;330,460;4676,750;14,4;14,4;1,628640;0,0;21,890;0;0,6240;5,0190;100,00;1,43940;4;437;21,20;396,90;34,410
143;0;28;3521,00;-71,0480;42,2222;330,970;4676,260;13,4;13,4;3,321050;0,0;19,580;1;0,8710;5,4030;100,00;1,32160;5;403;14,70;396,90;26,820
144;0;28;3522,00;-71,0519;42,2230;330,650;4676,360;15,6;15,6;4,097400;0,0;19,580;0;0,8710;5,4680;100,00;1,41180;5;403;14,70;396,90;26,420
145;0;28;3523,00;-71,0510;42,2205;330,720;4676,080;11,8;11,8;2,779740;0,0;19,580;0;0,8710;4,9030;97,80;1,34590;5;403;14,70;396,90;29,290
146;0;28;3524,00;-71,0540;42,2190;330,470;4675,920;13,8;13,8;2,379340;0,0;19,580;0;0,8710;6,1300;100,00;1,41910;5;403;14,70;172,91;27,800
147;0;28;3525,00;-71,0590;42,2210;330,060;4676,150;15,6;15,6;2,155050;0,0;19,580;0;0,8710;5,6280;100,00;1,51660;5;403;14,70;169,27;16,650
148;0;28;3526,00;-71,0555;42,2222;330,350;4676,280;14,6;14,6;2,368620;0,0;19,580;0;0,8710;4,9260;95,70;1,46080;5;403;14,70;391,71;29,530
149;0;28;3527,00;-71,0567;42,2240;330,260;4676,480;17,8;17,8;2,330990;0,0;19,580;0;0,8710;5,1860;93,80;1,52960;5;403;14,70;356,99;28,320
150;0;28;3528,00;-71,0580;42,2230;330,150;4676,370;15,4;15,4;2,733970;0,0;19,580;0;0,8710;5,5970;94,90;1,52570;5;403;14,70;351,85;21,450
151;0;28;3529,00;-71,0620;42,2236;329,820;4676,450;21,5;21,5;1,656600;0,0;19,580;0;0,8710;6,1220;97,30;1,61800;5;403;14,70;372,80;14,100
152;0;28;3530,00;-71,0622;42,2205;329,800;4676,100;19,6;19,6;1,496320;0,0;19,580;0;0,8710;5,4040;100,00;1,59160;5;403;14,70;341,60;13,280
153;0;28;3531,00;-71,0590;42,2170;330,050;4675,710;15,3;15,3;1,126580;0,0;19,580;1;0,8710;5,0120;88,00;1,61020;5;403;14,70;343,28;12,120
154;0;28;3532,00;-71,0645;42,2150;329,590;4675,500;19,4;19,4;2,149180;0,0;19,580;0;0,8710;5,7090;98,50;1,62320;5;403;14,70;261,95;15,790
155;0;28;3533,00;-71,0662;42,2162;329,450;4675,630;17,0;17,0;1,413850;0,0;19,580;1;0,8710;6,1290;96,00;1,74940;5;403;14,70;321,02;15,120
156;0;28;3534,00;-71,0680;42,2150;329,300;4675,500;15,6;15,6;3,535010;0,0;19,580;1;0,8710;6,1520;82,60;1,74550;5;403;14,70;88,01;15,020
157;0;28;3535,00;-71,0667;42,2200;329,420;4676,060;13,1;13,1;2,446680;0,0;19,580;0;0,8710;5,2720;94,00;1,73640;5;403;14,70;88,63;16,140
158;0;28;3536,00;-71,0690;42,2285;329,260;4677,010;41,3;41,3;1,223580;0,0;19,580;0;0,6050;6,9430;97,40;1,87730;5;403;14,70;363,43;4,590
159;0;28;3537,00;-71,0670;42,2245;329,410;4676,560;24,3;24,3;1,342840;0,0;19,580;0;0,6050;6,0660;100,00;1,75730;5;403;14,70;353,89;6,430
160;0;28;3538,00;-71,0650;42,2223;329,570;4676,310;23,3;23,3;1,425020;0,0;19,580;0;0,8710;6,5100;100,00;1,76590;5;403;14,70;364,31;7,390
161;0;28;3539,00;-71,0700;42,2214;329,150;4676,220;27,0;27,0;1,273460;0,0;19,580;1;0,6050;6,2500;92,60;1,79840;5;403;14,70;338,92;5,500
162;0;28;3540,00;-71,0735;42,2282;328,880;4676,980;50,0;50,0;1,463360;0,0;19,580;0;0,6050;7,4890;90,80;1,97090;5;403;14,70;374,43;1,730
163;0;28;3541,00;-71,0770;42,2250;328,590;4676,630;50,0;50,0;1,833770;0,0;19,580;1;0,6050;7,8020;98,20;2,04070;5;403;14,70;389,61;1,920
164;0;28;3542,00;-71,0815;42,2250;328,220;4676,640;50,0;50,0;1,519020;0,0;19,580;1;0,6050;8,3750;93,90;2,16200;5;403;14,70;388,45;3,320
165;0;28;3543,00;-71,0918;42,2265;327,370;4676,830;22,7;22,7;2,242360;0,0;19,580;0;0,6050;5,8540;91,80;2,42200;5;403;14,70;395,11;11,640
166;0;28;3544,00;-71,0820;42,2295;328,190;4677,140;25,0;25,0;2,924000;0,0;19,580;0;0,6050;6,1010;93,00;2,28340;5;403;14,70;240,16;9,810
167;0;28;3545,00;-71,0770;42,2305;328,600;4677,240;50,0;50,0;2,010190;0,0;19,580;0;0,6050;7,9290;96,20;2,04590;5;403;14,70;369,30;3,700
168;0;28;3546,00;-71,0866;42,2345;327,820;4677,710;23,8;23,8;1,800280;0,0;19,580;0;0,6050;5,8770;79,20;2,42590;5;403;14,70;227,61;12,140
169;0;28;3547,00;-71,0740;42,2331;328,860;4677,530;23,8;23,8;2,300400;0,0;19,580;0;0,6050;6,3190;96,10;2,10000;5;403;14,70;297,09;11,100
170;0;28;3548,00;-71,0775;42,2351;328,570;4677,760;22,3;22,3;2,449530;0,0;19,580;0;0,6050;6,4020;95,20;2,26250;5;403;14,70;330,04;11,320
171;0;28;3549,00;-71,0810;42,2368;328,290;4677,950;17,4;17,4;1,207420;0,0;19,580;0;0,6050;5,8750;94,60;2,42590;5;403;14,70;292,29;14,430
172;0;28;3550,00;-71,0792;42,2390;328,440;4678,190;19,1;19,1;2,313900;0,0;19,580;0;0,6050;5,8800;97,30;2,38870;5;403;14,70;348,13;12,030
173;0;29;3561,00;-71,0870;42,2416;327,810;4678,500;23,1;23,1;0,139140;0,0;4,050;0;0,5100;5,5720;88,50;2,59610;5;296;16,60;396,90;14,690
174;0;29;3562,00;-71,0855;42,2450;327,940;4678,870;23,6;23,6;0,091780;0,0;4,050;0;0,5100;6,4160;84,10;2,64630;5;296;16,60;395,50;9,040
175;0;29;3563,00;-71,0833;42,2475;328,130;4679,140;22,6;22,6;0,084470;0,0;4,050;0;0,5100;5,8590;68,70;2,70190;5;296;16,60;393,23;9,640
176;0;29;3564,00;-71,0940;42,2575;327,270;4680,280;29,4;29,4;0,066640;0,0;4,050;0;0,5100;6,5460;33,10;3,13230;5;296;16,60;390,96;5,330
177;0;29;3565,00;-71,1125;42,2550;325,740;4680,040;23,2;23,2;0,070220;0,0;4,050;0;0,5100;6,0200;47,20;3,55490;5;296;16,60;393,23;10,110
178;0;29;3566,00;-71,1060;42,2512;326,270;4679,600;24,6;24,6;0,054250;0,0;4,050;0;0,5100;6,3150;73,40;3,31750;5;296;16,60;395,60;6,290
179;0;29;3567,00;-71,0965;42,2470;327,040;4679,120;29,9;29,9;0,066420;0,0;4,050;0;0,5100;6,8600;74,40;2,91530;5;296;16,60;391,27;6,920
180;0;30;3571,00;-71,1000;42,2408;326,730;4678,430;37,2;37,2;0,057800;0,0;2,460;0;0,4880;6,9800;58,40;2,82900;3;193;17,80;396,90;5,040
181;0;30;3572,00;-71,0995;42,2345;326,760;4677,730;39,8;39,8;0,065880;0,0;2,460;0;0,4880;7,7650;83,30;2,74100;3;193;17,80;395,56;7,560
182;0;30;3573,00;-71,0966;42,2282;326,980;4677,030;36,2;36,2;0,068880;0,0;2,460;0;0,4880;6,1440;62,20;2,59790;3;193;17,80;396,90;9,450
183;0;30;3574,00;-71,1005;42,2287;326,660;4677,090;37,9;37,9;0,091030;0,0;2,460;0;0,4880;7,1550;92,20;2,70060;3;193;17,80;394,12;4,820
184;0;30;3575,00;-71,1065;42,2300;326,170;4677,250;32,5;32,5;0,100080;0,0;2,460;0;0,4880;6,5630;95,60;2,84700;3;193;17,80;396,90;5,680
185;0;30;3576,00;-71,1120;42,2300;325,710;4677,260;26,4;26,4;0,083080;0,0;2,460;0;0,4880;5,6040;89,80;2,98790;3;193;17,80;391,00;13,980
186;0;30;3577,00;-71,1175;42,2350;325,270;4677,830;29,6;29,6;0,060470;0,0;2,460;0;0,4880;6,1530;68,80;3,27970;3;193;17,80;387,11;13,150
187;0;30;3578,00;-71,1115;42,2442;325,790;4678,830;50,0;50,0;0,056020;0,0;2,460;0;0,4880;7,8310;53,60;3,19920;3;193;17,80;392,63;4,450
188;0;31;3581,00;-71,1220;42,2565;324,960;4680,220;32,0;32,0;0,078750;45,0;3,440;0;0,4370;6,7820;41,10;3,78860;5;398;15,20;393,87;6,680
189;0;31;3583,00;-71,1408;42,2550;323,400;4680,090;29,8;29,8;0,125790;45,0;3,440;0;0,4370;6,5560;29,10;4,56670;5;398;15,20;382,84;4,560
190;0;31;3584,00;-71,1450;42,2651;323,090;4681,220;34,9;34,9;0,083700;45,0;3,440;0;0,4370;7,1850;38,90;4,56670;5;398;15,20;396,90;5,390
191;0;31;3585,00;-71,1216;42,2700;325,030;4681,720;37,0;33,0;0,090680;45,0;3,440;0;0,4370;6,9510;21,50;6,47980;5;398;15,20;377,68;5,100
192;0;31;3586,00;-71,1485;42,2765;322,830;4682,500;30,5;30,5;0,069110;45,0;3,440;0;0,4370;6,7390;30,80;6,47980;5;398;15,20;389,71;4,690
193;0;31;3587,00;-71,1340;42,2785;324,030;4682,690;36,4;36,4;0,086640;45,0;3,440;0;0,4370;7,1780;26,30;6,47980;5;398;15,20;390,49;2,870
194;0;32;3591,00;-71,1525;42,3000;322,570;4685,120;31,1;31,1;0,021870;60,0;2,930;0;0,4010;6,8000;9,90;6,21960;1;265;15,60;393,37;5,030
195;0;32;3592,00;-71,1633;42,3030;321,680;4685,470;29,1;29,1;0,014390;60,0;2,930;0;0,4010;6,6040;18,80;6,21960;1;265;15,60;376,70;4,380
196;0;33;3602,00;-71,1890;42,2525;319,420;4679,920;50,0;50,0;0,013810;80,0;0,460;0;0,4220;7,8750;32,00;5,64840;4;255;14,40;394,23;2,970
197;0;34;3611,00;-71,2200;42,2715;316,920;4682,090;33,3;33,3;0,040110;80,0;1,520;0;0,4040;7,2870;34,10;7,30900;2;329;12,60;396,90;4,080
198;0;34;3612,00;-71,2400;42,2725;315,270;4682,250;30,3;30,3;0,046660;80,0;1,520;0;0,4040;7,1070;36,60;7,30900;2;329;12,60;354,31;8,610
199;0;34;3613,00;-71,2220;42,2890;316,800;4684,040;34,6;34,6;0,037680;80,0;1,520;0;0,4040;7,2740;38,30;7,30900;2;329;12,60;392,20;6,620
200;0;35;3651,00;-71,2440;42,2425;314,850;4678,930;34,9;34,9;0,031500;95,0;1,470;0;0,4030;6,9750;15,30;7,65340;3;402;17,00;396,90;4,560
201;0;35;3652,00;-71,2630;42,2225;313,230;4676,750;32,9;32,9;0,017780;95,0;1,470;0;0,4030;7,1350;13,90;7,65340;3;402;17,00;384,30;4,450
202;0;36;3661,00;-71,2185;42,1955;316,820;4673,650;24,1;24,1;0,034450;82,5;2,030;0;0,4150;6,1620;38,40;6,27000;2;348;14,70;393,77;7,430
203;0;36;3662,00;-71,2140;42,2180;317,260;4676,140;42,3;42,3;0,021770;82,5;2,030;0;0,4150;7,6100;15,70;6,27000;2;348;14,70;395,38;3,110
204;0;37;3671,00;-71,1990;42,2320;318,540;4677,660;48,5;48,5;0,035100;95,0;2,680;0;0,4160;7,8530;33,20;5,11800;4;224;14,70;392,78;3,810
205;0;37;3672,00;-71,1990;42,2058;318,460;4674,750;50,0;50,0;0,020090;95,0;2,680;0;0,4160;8,0340;31,90;5,11800;4;224;14,70;390,55;2,880
206;0;38;3681,00;-71,1475;42,2445;322,820;4678,940;22,6;22,6;0,136420;0,0;10,590;0;0,4890;5,8910;22,30;3,94540;4;277;18,60;396,90;10,870
207;0;38;3682,00;-71,1500;42,2308;322,580;4677,430;24,4;24,4;0,229690;0,0;10,590;0;0,4890;6,3260;52,50;4,35490;4;277;18,60;394,87;10,970
208;0;38;3683,00;-71,1490;42,2268;322,650;4676,980;22,5;22,5;0,251990;0,0;10,590;0;0,4890;5,7830;72,70;4,35490;4;277;18,60;389,43;18,060
209;0;38;3684,00;-71,1503;42,2220;322,530;4676,450;24,4;24,4;0,135870;0,0;10,590;1;0,4890;6,0640;59,10;4,23920;4;277;18,60;381,32;14,660
210;0;38;3685,00;-71,1430;42,2217;323,130;4676,400;20,0;20,0;0,435710;0,0;10,590;1;0,4890;5,3440;100,00;3,87500;4;277;18,60;396,90;23,090
211;0;38;3686,00;-71,1435;42,2177;323,080;4675,960;21,7;21,7;0,174460;0,0;10,590;1;0,4890;5,9600;92,10;3,87710;4;277;18,60;393,25;17,270
212;0;38;3687,00;-71,1380;42,2216;323,540;4676,380;19,3;19,3;0,375780;0,0;10,590;1;0,4890;5,4040;88,60;3,66500;4;277;18,60;395,24;23,980
213;0;38;3688,00;-71,1335;42,2250;323,920;4676,750;22,4;22,4;0,217190;0,0;10,590;1;0,4890;5,8070;53,80;3,65260;4;277;18,60;390,94;16,030
214;0;38;3689,00;-71,1375;42,2355;323,620;4677,920;28,1;28,1;0,140520;0,0;10,590;0;0,4890;6,3750;32,30;3,94540;4;277;18,60;385,81;9,380
215;0;38;3690,00;-71,1270;42,2350;324,490;4677,840;23,7;23,7;0,289550;0,0;10,590;0;0,4890;5,4120;9,80;3,58750;4;277;18,60;348,93;29,550
216;0;38;3691,00;-71,1245;42,2277;324,670;4677,030;25,0;25,0;0,198020;0,0;10,590;0;0,4890;6,1820;42,40;3,94540;4;277;18,60;393,63;9,470
217;0;39;3701,00;-71,1166;42,2230;325,310;4676,490;23,3;23,3;0,045600;0,0;13,890;1;0,5500;5,8880;56,00;3,11210;5;276;16,40;392,80;13,510
218;0;39;3702,00;-71,1050;42,2235;326,270;4676,520;28,7;28,7;0,070130;0,0;13,890;0;0,5500;6,6420;85,10;3,42110;5;276;16,40;392,78;9,690
219;0;39;3703,00;-71,0933;42,2220;327,230;4676,330;21,5;21,5;0,110690;0,0;13,890;1;0,5500;5,9510;93,80;2,88930;5;276;16,40;396,90;17,920
220;0;39;3704,00;-71,1060;42,2185;326,180;4675,970;23,0;23,0;0,114250;0,0;13,890;1;0,5500;6,3730;92,40;3,36330;5;276;16,40;393,74;10,500
221;0;40;3731,00;-71,1100;42,2137;325,830;4675,440;26,7;26,7;0,358090;0,0;6,200;1;0,5070;6,9510;88,50;2,86170;8;307;17,40;391,70;9,710
222;0;40;3732,00;-71,1210;42,2166;324,930;4675,790;21,7;21,7;0,407710;0,0;6,200;1;0,5070;6,1640;91,30;3,04800;8;307;17,40;395,24;21,460
223;0;40;3733,00;-71,1250;42,2134;324,590;4675,440;27,5;27,5;0,623560;0,0;6,200;1;0,5070;6,8790;77,70;3,27210;8;307;17,40;390,39;9,930
224;0;40;3734,00;-71,1208;42,2183;324,950;4675,980;30,1;30,1;0,614700;0,0;6,200;0;0,5070;6,6180;80,80;3,27210;8;307;17,40;396,90;7,600
225;0;40;3735,00;-71,1100;42,2060;325,810;4674,590;44,8;44,8;0,315330;0,0;6,200;0;0,5040;8,2660;78,30;2,89440;8;307;17,40;385,05;4,140
226;0;40;3736,00;-71,1012;42,1975;326,510;4673,630;50,0;50,0;0,526930;0,0;6,200;0;0,5040;8,7250;83,00;2,89440;8;307;17,40;382,00;4,630
227;0;40;3737,00;-71,1215;42,2025;324,850;4674,220;37,6;37,6;0,382140;0,0;6,200;0;0,5040;8,0400;86,50;3,21570;8;307;17,40;387,38;3,130
228;0;40;3738,00;-71,1160;42,1947;325,280;4673,350;31,6;31,6;0,412380;0,0;6,200;0;0,5040;7,1630;79,90;3,21570;8;307;17,40;372,08;6,360
229;0;40;3739,00;-71,1100;42,1850;325,750;4672,260;46,7;46,7;0,298190;0,0;6,200;0;0,5040;7,6860;17,00;3,37510;8;307;17,40;377,51;3,920
230;0;40;3740,00;-71,1190;42,1807;325,000;4671,800;31,5;31,5;0,441780;0,0;6,200;0;0,5040;6,5520;21,40;3,37510;8;307;17,40;380,34;3,760
231;0;40;3741,00;-71,1300;42,1880;324,110;4672,630;24,3;24,3;0,537000;0,0;6,200;0;0,5040;5,9810;68,10;3,67150;8;307;17,40;378,35;11,650
232;0;40;3742,00;-71,1285;42,1930;324,250;4673,180;31,7;31,7;0,462960;0,0;6,200;0;0,5040;7,4120;76,90;3,67150;8;307;17,40;376,14;5,250
233;0;40;3743,00;-71,1400;42,1946;323,300;4673,390;41,7;41,7;0,575290;0,0;6,200;0;0,5070;8,3370;73,30;3,83840;8;307;17,40;385,91;2,470
234;0;40;3744,00;-71,1340;42,2040;323,820;4674,420;48,3;48,3;0,331470;0,0;6,200;0;0,5070;8,2470;70,40;3,65190;8;307;17,40;378,95;3,950
235;0;40;3745,00;-71,1320;42,2142;324,020;4675,550;29,0;29,0;0,447910;0,0;6,200;1;0,5070;6,7260;66,50;3,65190;8;307;17,40;360,20;8,050
236;0;40;3746,00;-71,1380;42,2141;323,520;4675,550;24,0;24,0;0,330450;0,0;6,200;0;0,5070;6,0860;61,50;3,65190;8;307;17,40;376,75;10,880
237;0;40;3747,00;-71,1485;42,2110;322,650;4675,220;25,1;25,1;0,520580;0,0;6,200;1;0,5070;6,6310;76,50;4,14800;8;307;17,40;388,45;9,540
238;0;40;3748,00;-71,1491;42,2030;322,570;4674,340;31,5;31,5;0,511830;0,0;6,200;0;0,5070;7,3580;71,60;4,14800;8;307;17,40;390,07;4,730
239;0;41;3821,00;-71,2055;42,1875;317,870;4672,740;23,7;23,7;0,082440;30,0;4,930;0;0,4280;6,4810;18,50;6,18990;6;300;16,60;379,41;6,360
240;0;41;3822,00;-71,2035;42,1870;318,040;4672,680;23,3;23,3;0,092520;30,0;4,930;0;0,4280;6,6060;42,20;6,18990;6;300;16,60;383,78;7,370
241;0;41;3823,00;-71,1966;42,1640;318,540;4670,110;22,0;27,0;0,113290;30,0;4,930;0;0,4280;6,8970;54,30;6,33610;6;300;16,60;391,25;11,380
242;0;41;3824,00;-71,2138;42,1645;317,120;4670,200;20,1;20,1;0,106120;30,0;4,930;0;0,4280;6,0950;65,10;6,33610;6;300;16,60;394,62;12,400
243;0;41;3825,00;-71,2200;42,1782;316,650;4671,730;22,2;22,2;0,102900;30,0;4,930;0;0,4280;6,3580;52,90;7,03550;6;300;16,60;372,75;11,220
244;0;41;3826,00;-71,2320;42,1725;315,640;4671,130;23,7;23,7;0,127570;30,0;4,930;0;0,4280;6,3930;7,80;7,03550;6;300;16,60;374,71;5,190
245;0;42;3831,00;-71,2435;42,1630;314,660;4670,100;17,6;17,6;0,206080;22,0;5,860;0;0,4310;5,5930;76,50;7,95490;7;330;19,10;372,49;12,500
246;0;42;3832,00;-71,2575;42,1618;313,500;4669,990;18,5;18,5;0,191330;22,0;5,860;0;0,4310;5,6050;70,20;7,95490;7;330;19,10;389,13;18,460
247;0;42;3833,00;-71,2620;42,1690;313,150;4670,800;24,3;24,3;0,339830;22,0;5,860;0;0,4310;6,1080;34,90;8,05550;7;330;19,10;390,18;9,160
248;0;42;3834,00;-71,2470;42,1703;314,400;4670,910;20,5;20,5;0,196570;22,0;5,860;0;0,4310;6,2260;79,20;8,05550;7;330;19,10;376,14;10,150
249;0;42;3835,00;-71,2550;42,1767;313,750;4671,640;24,5;24,5;0,164390;22,0;5,860;0;0,4310;6,4330;49,10;7,82650;7;330;19,10;374,71;9,520
250;0;42;3836,00;-71,2475;42,1825;314,390;4672,270;26,2;26,2;0,190730;22,0;5,860;0;0,4310;6,7180;17,50;7,82650;7;330;19,10;393,74;6,560
251;0;42;3837,00;-71,2380;42,1910;315,200;4673,190;24,4;24,4;0,140300;22,0;5,860;0;0,4310;6,4870;13,00;7,39670;7;330;19,10;396,28;5,900
252;0;42;3838,00;-71,2435;42,1982;314,770;4674,010;24,8;24,8;0,214090;22,0;5,860;0;0,4310;6,4380;8,90;7,39670;7;330;19,10;377,07;3,590
253;0;42;3839,00;-71,2685;42,1935;312,690;4673,540;29,6;29,6;0,082210;22,0;5,860;0;0,4310;6,9570;6,80;8,90670;7;330;19,10;386,09;3,530
254;0;42;3840,00;-71,2807;42,1727;311,620;4671,260;42,8;42,8;0,368940;22,0;5,860;0;0,4310;8,2590;8,40;8,90670;7;330;19,10;396,90;3,540
255;0;43;3851,00;-71,2895;42,1575;310,850;4669,590;21,9;21,9;0,048190;80,0;3,640;0;0,3920;6,1080;32,00;9,22030;1;315;16,40;392,89;6,570
256;0;43;3852,00;-71,2690;42,1482;312,510;4668,510;20,9;20,9;0,035480;80,0;3,640;0;0,3920;5,8760;19,10;9,22030;1;315;16,40;395,18;9,250
257;0;44;3861,00;-71,2230;42,1450;316,310;4668,050;44,0;44,0;0,015380;90,0;3,750;0;0,3940;7,4540;34,20;6,33610;3;244;15,90;386,34;3,110
258;0;45;4001,00;-71,0679;42,2073;329,290;4674,650;50,0;50,0;0,611540;20,0;3,970;0;0,6470;8,7040;86,90;1,80100;5;264;13,00;389,70;5,120
259;0;45;4002,00;-71,0727;42,2077;328,890;4674,700;36,0;36,0;0,663510;20,0;3,970;0;0,6470;7,3330;100,00;1,89460;5;264;13,00;383,29;7,790
260;0;45;4003,00;-71,0765;42,2075;328,580;4674,690;30,1;30,1;0,656650;20,0;3,970;0;0,6470;6,8420;100,00;2,01070;5;264;13,00;391,93;6,900
261;0;45;4004,00;-71,0800;42,2040;328,280;4674,310;33,8;33,8;0,540110;20,0;3,970;0;0,6470;7,2030;81,80;2,11210;5;264;13,00;392,80;9,590
262;0;45;4005,00;-71,0790;42,2020;328,360;4674,080;43,1;43,1;0,534120;20,0;3,970;0;0,6470;7,5200;89,40;2,13980;5;264;13,00;388,37;7,260
263;0;45;4006,00;-71,0835;42,2000;327,980;4673,870;48,8;48,8;0,520140;20,0;3,970;0;0,6470;8,3980;91,50;2,28850;5;264;13,00;386,86;5,910
264;0;45;4007,00;-71,0750;42,1980;328,680;4673,630;31,0;31,0;0,825260;20,0;3,970;0;0,6470;7,3270;94,50;2,07880;5;264;13,00;393,42;11,250
265;0;45;4008,00;-71,0710;42,2030;329,020;4674,180;36,5;36,5;0,550070;20,0;3,970;0;0,6470;7,2060;91,60;1,93010;5;264;13,00;387,89;8,100
266;0;45;4009,00;-71,0700;42,2000;329,100;4673,840;22,8;22,8;0,761620;20,0;3,970;0;0,6470;5,5600;62,80;1,98650;5;264;13,00;392,40;10,450
267;0;45;4010,00;-71,0725;42,1965;328,880;4673,460;30,7;30,7;0,785700;20,0;3,970;0;0,6470;7,0140;84,60;2,13290;5;264;13,00;384,07;14,790
268;0;45;4011,00;-71,0850;42,1925;327,840;4673,040;50,0;50,0;0,578340;20,0;3,970;0;0,5750;8,2970;67,00;2,42160;5;264;13,00;384,54;7,440
269;0;45;4012,00;-71,0925;42,2075;327,260;4674,720;43,5;43,5;0,540500;20,0;3,970;0;0,5750;7,4700;52,60;2,87200;5;264;13,00;390,30;3,160
270;0;46;4021,00;-71,0980;42,1540;326,660;4668,790;20,7;20,7;0,090650;20,0;6,960;1;0,4640;5,9200;61,50;3,91750;3;223;18,60;391,34;13,650
271;0;46;4022,00;-71,0870;42,1410;327,530;4667,330;21,1;21,1;0,299160;20,0;6,960;0;0,4640;5,8560;42,10;4,42900;3;223;18,60;388,65;13,000
272;0;46;4023,00;-71,0940;42,1355;326,940;4666,730;25,2;25,2;0,162110;20,0;6,960;0;0,4640;6,2400;16,30;4,42900;3;223;18,60;396,90;6,590
273;0;46;4024,00;-71,0982;42,1445;326,620;4667,740;24,4;24,4;0,114600;20,0;6,960;0;0,4640;6,5380;58,70;3,91750;3;223;18,60;394,96;7,730
274;0;46;4025,00;-71,1170;42,1510;325,080;4668,500;35,2;35,2;0,221880;20,0;6,960;1;0,4640;7,6910;51,80;4,36650;3;223;18,60;390,77;6,580
275;0;47;4031,00;-71,1305;42,1675;324,010;4670,360;32,4;32,4;0,056440;40,0;6,410;1;0,4470;6,7580;32,90;4,07760;4;254;17,60;396,90;3,530
276;0;47;4032,00;-71,1380;42,1733;323,410;4671,020;32,0;32,0;0,096040;40,0;6,410;0;0,4470;6,8540;42,80;4,26730;4;254;17,60;396,90;2,980
277;0;47;4033,00;-71,1405;42,1632;323,170;4669,900;33,2;33,2;0,104690;40,0;6,410;1;0,4470;7,2670;49,00;4,78720;4;254;17,60;389,25;6,050
278;0;47;4034,00;-71,1495;42,1730;322,460;4671,010;33,1;33,1;0,061270;40,0;6,410;1;0,4470;6,8260;27,60;4,86280;4;254;17,60;393,45;4,160
279;0;47;4035,00;-71,1395;42,1813;323,310;4671,910;29,1;29,1;0,079780;40,0;6,410;0;0,4470;6,4820;32,10;4,14030;4;254;17,60;396,90;7,190
280;0;48;4041,00;-71,1480;42,1880;322,620;4672,670;35,1;35,1;0,210380;20,0;3,330;0;0,4430;6,8120;32,20;4,10070;5;216;14,90;396,90;4,850
281;0;48;4042,00;-71,1660;42,1870;321,130;4672,600;45,4;45,4;0,035780;20,0;3,330;0;0,4430;7,8200;64,50;4,69470;5;216;14,90;387,31;3,760
282;0;48;4043,00;-71,1850;42,1848;319,560;4672,390;35,4;35,4;0,037050;20,0;3,330;0;0,4430;6,9680;37,20;5,24470;5;216;14,90;392,23;4,590
283;0;48;4044,00;-71,1775;42,1735;320,150;4671,120;46,0;46,0;0,061290;20,0;3,330;1;0,4430;7,6450;49,70;5,21190;5;216;14,90;377,07;3,010
284;0;49;4051,00;-71,1730;42,1475;320,440;4668,220;50,0;50,0;0,015010;90,0;1,210;1;0,4010;7,9230;24,80;5,88500;1;198;13,60;395,52;3,160
285;0;50;4061,00;-71,1800;42,1105;319,760;4664,130;32,2;32,2;0,009060;90,0;2,970;0;0,4000;7,0880;20,80;7,30730;1;285;15,30;394,72;7,850
286;0;51;4071,00;-71,2135;42,1000;316,960;4663,040;22,0;22,0;0,010960;55,0;2,250;0;0,3890;6,4530;31,90;7,30730;1;300;15,30;394,72;8,230
287;0;52;4091,00;-71,1950;42,0675;318,400;4659,390;20,1;20,1;0,019650;80,0;1,760;0;0,3850;6,2300;31,50;9,08920;1;241;18,20;341,60;12,930
288;0;53;4111,00;-71,1480;42,0775;322,310;4660,400;23,2;23,2;0,038710;52,5;5,320;0;0,4050;6,2090;31,30;7,31720;6;293;16,60;396,90;7,140
289;0;53;4112,00;-71,1325;42,0940;323,640;4662,200;22,3;22,3;0,045900;52,5;5,320;0;0,4050;6,3150;45,60;7,31720;6;293;16,60;396,90;7,600
290;0;53;4113,00;-71,1550;42,0980;321,790;4662,690;24,8;24,8;0,042970;52,5;5,320;0;0,4050;6,5650;22,90;7,31720;6;293;16,60;371,72;9,510
291;0;54;4121,00;-71,1385;42,1235;323,230;4665,490;28,5;28,5;0,035020;80,0;4,950;0;0,4110;6,8610;27,90;5,11670;4;245;19,20;396,90;3,330
292;0;54;4122,00;-71,1330;42,1408;323,730;4667,400;37,3;37,3;0,078860;80,0;4,950;0;0,4110;7,1480;27,70;5,11670;4;245;19,20;396,90;3,560
293;0;54;4123,00;-71,1070;42,1307;325,850;4666,220;27,9;27,9;0,036150;80,0;4,950;0;0,4110;6,6300;23,40;5,11670;4;245;19,20;396,90;4,700
294;0;55;4131,00;-71,1090;42,1100;325,630;4663,930;23,9;23,9;0,082650;0,0;13,920;0;0,4370;6,1270;18,40;5,50270;4;289;16,00;396,90;8,580
295;0;55;4132,00;-71,1180;42,1217;324,920;4665,250;21,7;21,7;0,081990;0,0;13,920;0;0,4370;6,0090;42,30;5,50270;4;289;16,00;396,90;10,400
296;0;55;4133,00;-71,1309;42,1166;323,840;4664,710;28,6;28,6;0,129320;0,0;13,920;0;0,4370;6,6780;31,10;5,96040;4;289;16,00;396,90;6,270
297;0;55;4134,00;-71,1280;42,1108;324,060;4664,060;27,1;27,1;0,053720;0,0;13,920;0;0,4370;6,5490;51,00;5,96040;4;289;16,00;392,85;7,390
298;0;55;4135,00;-71,1210;42,1025;324,620;4663,120;20,3;20,3;0,141030;0,0;13,920;0;0,4370;5,7900;58,00;6,32000;4;289;16,00;396,90;15,840
299;0;56;4141,00;-71,1200;42,0725;324,620;4659,790;22,5;22,5;0,064660;70,0;2,240;0;0,4000;6,3450;20,10;7,82780;5;358;14,80;368,24;4,970
300;0;56;4142,00;-71,1000;42,0590;326,230;4658,250;29,0;29,0;0,055610;70,0;2,240;0;0,4000;7,0410;10,00;7,82780;5;358;14,80;371,58;4,740
301;0;56;4143,00;-71,1035;42,0735;325,980;4659,860;24,8;24,8;0,044170;70,0;2,240;0;0,4000;6,8710;47,40;7,82780;5;358;14,80;390,86;6,070
302;0;57;4151,00;-71,0875;42,0950;327,370;4662,220;22,0;22,0;0,035370;34,0;6,090;0;0,4330;6,5900;40,40;5,49170;7;329;16,10;395,75;9,500
303;0;57;4152,00;-71,0625;42,1020;329,450;4662,950;26,4;26,4;0,092660;34,0;6,090;0;0,4330;6,4950;18,40;5,49170;7;329;16,10;383,61;8,670
304;0;57;4153,00;-71,0865;42,1200;327,520;4664,990;33,1;33,1;0,100000;34,0;6,090;0;0,4330;6,9820;17,70;5,49170;7;329;16,10;390,43;4,860
305;0;58;4161,00;-71,0465;42,1450;330,890;4667,690;36,1;36,1;0,055150;33,0;2,180;0;0,4720;7,2360;41,10;4,02200;7;222;18,40;393,68;6,930
306;0;58;4162,00;-71,0570;42,1525;330,040;4668,540;28,4;28,4;0,054790;33,0;2,180;0;0,4720;6,6160;58,10;3,37000;7;222;18,40;393,36;8,930
307;0;58;4163,00;-71,0450;42,1590;331,050;4669,240;33,4;33,4;0,075030;33,0;2,180;0;0,4720;7,4200;71,90;3,09920;7;222;18,40;396,90;6,470
308;0;58;4164,00;-71,0280;42,1565;332,450;4668,930;28,2;28,2;0,049320;33,0;2,180;0;0,4720;6,8490;70,30;3,18270;7;222;18,40;396,90;7,530
309;0;59;4171,00;-71,0138;42,1555;333,620;4668,790;22,8;22,8;0,492980;0,0;9,900;0;0,5440;6,6350;82,50;3,31750;4;304;18,40;396,90;4,540
310;0;59;4172,00;-71,0201;42,1600;333,110;4669,300;20,3;20,3;0,349400;0,0;9,900;0;0,5440;5,9720;76,70;3,10250;4;304;18,40;396,24;9,970
311;0;59;4173,00;-71,0160;42,1760;333,490;4671,070;16,1;16,1;2,635480;0,0;9,900;0;0,5440;4,9730;37,80;2,51940;4;304;18,40;350,45;12,640
312;0;59;4174,00;-71,0075;42,1780;334,200;4671,280;22,1;22,1;0,790410;0,0;9,900;0;0,5440;6,1220;52,80;2,64030;4;304;18,40;396,90;5,980
313;0;59;4175,00;-71,0150;42,1670;333,550;4670,070;19,4;19,4;0,261690;0,0;9,900;0;0,5440;6,0230;90,40;2,83400;4;304;18,40;396,30;11,720
314;0;59;4176,00;-71,0075;42,1613;334,160;4669,420;21,6;21,6;0,269380;0,0;9,900;0;0,5440;6,2660;82,80;3,26280;4;304;18,40;393,39;7,900
315;0;59;4177,00;-71,0000;42,1530;334,750;4668,490;23,8;23,8;0,369200;0,0;9,900;0;0,5440;6,5670;87,30;3,60230;4;304;18,40;395,69;9,280
316;0;59;4178,00;-70,9795;42,1580;336,460;4669,000;16,2;16,2;0,253560;0,0;9,900;0;0,5440;5,7050;77,70;3,94500;4;304;18,40;396,42;11,500
317;0;59;4179,00;-70,9880;42,1485;335,730;4667,960;17,8;17,8;0,318270;0,0;9,900;0;0,5440;5,9140;83,20;3,99860;4;304;18,40;390,70;18,330
318;0;59;4180,00;-71,0040;42,1425;334,400;4667,330;19,8;19,8;0,245220;0,0;9,900;0;0,5440;5,7820;71,70;4,03170;4;304;18,40;396,90;15,940
319;0;59;4181,00;-71,0100;42,1500;333,920;4668,170;23,1;23,1;0,402020;0,0;9,900;0;0,5440;6,3820;67,20;3,53250;4;304;18,40;395,21;10,360
320;0;59;4182,00;-71,0200;42,1510;333,100;4668,300;21,0;21,0;0,475470;0,0;9,900;0;0,5440;6,1130;58,80;4,00190;4;304;18,40;396,23;12,730
321;0;60;4191,00;-71,0085;42,1290;333,990;4665,840;23,8;23,8;0,167600;0,0;7,380;0;0,4930;6,4260;52,30;4,54040;5;287;19,60;396,90;7,200
322;0;60;4192,00;-70,9975;42,1340;334,910;4666,370;23,1;23,1;0,181590;0,0;7,380;0;0,4930;6,3760;54,30;4,54040;5;287;19,60;396,90;6,870
323;0;60;4193,00;-70,9900;42,1367;335,540;4666,660;20,4;20,4;0,351140;0,0;7,380;0;0,4930;6,0410;49,90;4,72110;5;287;19,60;396,90;7,700
324;0;60;4194,00;-70,9834;42,1375;336,090;4666,730;18,5;18,5;0,283920;0,0;7,380;0;0,4930;5,7080;74,30;4,72110;5;287;19,60;391,13;11,740
325;0;60;4195,00;-70,9895;42,1265;335,550;4665,520;25,0;25,0;0,341090;0,0;7,380;0;0,4930;6,4150;40,10;4,72110;5;287;19,60;396,90;6,120
326;0;60;4196,00;-71,0000;42,1066;334,630;4663,330;24,6;24,6;0,191860;0,0;7,380;0;0,4930;6,4310;14,70;5,41590;5;287;19,60;393,68;5,080
327;0;60;4197,00;-70,9995;42,1175;334,700;4664,540;23,0;23,0;0,303470;0,0;7,380;0;0,4930;6,3120;28,90;5,41590;5;287;19,60;396,90;6,150
328;0;60;4198,00;-71,0100;42,1215;333,850;4665,010;22,2;22,2;0,241030;0,0;7,380;0;0,4930;6,0830;43,70;5,41590;5;287;19,60;396,90;12,790
329;0;61;4201,00;-71,0275;42,1130;332,380;4664,100;19,3;19,3;0,066170;0,0;3,240;0;0,4600;5,8680;25,80;5,21460;4;430;16,90;382,44;9,970
330;0;61;4202,00;-71,0415;42,1150;331,220;4664,350;22,6;22,6;0,067240;0,0;3,240;0;0,4600;6,3330;17,20;5,21460;4;430;16,90;375,21;7,340
331;0;61;4203,00;-71,0250;42,0980;332,540;4662,430;19,8;19,8;0,045440;0,0;3,240;0;0,4600;6,1440;32,20;5,87360;4;430;16,90;368,57;9,090
332;0;62;4211,00;-71,0115;42,0865;333,630;4661,120;17,1;17,1;0,050230;35,0;6,060;0;0,4380;5,7060;28,40;6,64070;1;304;16,90;394,02;12,430
333;0;62;4212,00;-70,9960;42,0895;334,920;4661,430;19,4;19,4;0,034660;35,0;6,060;0;0,4380;6,0310;23,30;6,64070;1;304;16,90;362,25;7,830
334;0;63;4221,00;-70,9795;42,0995;336,310;4662,510;22,2;22,2;0,050830;0,0;5,190;0;0,5150;6,3160;38,10;6,45840;5;224;20,20;389,71;5,680
335;0;63;4222,00;-70,9650;42,1010;337,510;4662,640;20,7;20,7;0,037380;0,0;5,190;0;0,5150;6,3100;38,50;6,45840;5;224;20,20;389,40;6,750
336;0;63;4223,00;-70,9700;42,1150;337,140;4664,210;21,1;21,1;0,039610;0,0;5,190;0;0,5150;6,0370;34,50;5,98530;5;224;20,20;396,90;8,010
337;0;63;4224,00;-70,9760;42,1280;336,670;4665,660;19,5;19,5;0,034270;0,0;5,190;0;0,5150;5,8690;46,30;5,23110;5;224;20,20;396,90;9,800
338;0;63;4225,00;-70,9602;42,1270;337,980;4665,520;18,5;18,5;0,030410;0,0;5,190;0;0,5150;5,8950;59,60;5,61500;5;224;20,20;394,81;10,560
339;0;63;4226,00;-70,9633;42,1374;337,750;4666,680;20,6;20,6;0,033060;0,0;5,190;0;0,5150;6,0590;37,30;4,81220;5;224;20,20;396,14;8,510
340;0;63;4227,00;-70,9675;42,1440;337,420;4667,420;19,0;19,0;0,054970;0,0;5,190;0;0,5150;5,9850;45,40;4,81220;5;224;20,20;396,90;9,740
341;0;63;4228,00;-70,9650;42,1503;337,640;4668,120;18,7;18,7;0,061510;0,0;5,190;0;0,5150;5,9680;58,50;4,81220;5;224;20,20;396,90;9,290
342;0;64;4231,00;-70,8875;42,1465;344,030;4667,550;32,7;32,7;0,013010;35,0;1,520;0;0,4420;7,2410;49,30;7,03790;1;284;15,50;394,74;5,490
343;0;65;5001,00;-70,9150;42,1600;341,790;4669,100;16,5;16,5;0,024980;0,0;1,890;0;0,5180;6,5400;59,70;6,26690;1;422;15,90;389,96;8,650
344;0;66;5011,00;-70,9370;42,1475;339,950;4667,760;23,9;23,9;0,025430;55,0;3,780;0;0,4840;6,6960;56,40;5,73210;5;370;17,60;396,90;7,180
345;0;66;5012,00;-70,9325;42,1230;340,260;4665,030;31,2;31,2;0,030490;55,0;3,780;0;0,4840;6,8740;28,10;6,46540;5;370;17,60;387,97;4,610
346;0;67;5021,00;-70,9470;42,0725;338,930;4659,450;17,5;17,5;0,031130;0,0;4,390;0;0,4420;6,0140;48,50;8,01360;3;352;18,80;385,64;10,530
347;0;67;5022,00;-70,9501;42,0825;338,700;4660,560;17,2;17,2;0,061620;0,0;4,390;0;0,4420;5,8980;52,30;8,01360;3;352;18,80;364,61;12,670
348;0;68;5031,00;-70,9275;42,0795;340,560;4660,190;23,1;23,1;0,018700;85,0;4,150;0;0,4290;6,5160;27,70;8,53530;4;351;17,90;392,43;6,360
349;0;69;5041,00;-70,9200;42,1016;341,240;4662,630;24,5;24,5;0,015010;80,0;2,010;0;0,4350;6,6350;29,70;8,34400;4;280;17,00;390,94;5,990
350;0;70;5051,00;-70,8550;42,1300;346,680;4665,660;26,6;26,6;0,028990;40,0;1,250;0;0,4290;6,9390;34,50;8,79210;1;335;19,70;389,85;5,890
351;0;70;5052,00;-70,8330;42,1150;348,460;4663,960;22,9;22,9;0,062110;40,0;1,250;0;0,4290;6,4900;44,40;8,79210;1;335;19,70;396,90;5,980
352;0;71;5061,00;-70,8300;42,0775;348,620;4659,790;24,1;24,1;0,079500;60,0;1,690;0;0,4110;6,5790;35,90;10,71030;4;411;18,30;370,78;5,490
353;0;71;5062,00;-70,8100;42,0590;350,230;4657,700;18,6;18,6;0,072440;60,0;1,690;0;0,4110;5,8840;18,50;10,71030;4;411;18,30;392,33;7,790
354;0;72;5071,00;-70,8300;42,0485;348,550;4656,570;30,1;30,1;0,017090;90,0;2,020;0;0,4100;6,7280;36,10;12,12650;5;187;17,00;384,46;4,500
355;0;73;5081,00;-70,8530;42,0520;346,660;4657,000;18,2;18,2;0,043010;80,0;1,910;0;0,4130;5,6630;21,90;10,58570;4;334;22,00;382,80;8,050
356;0;73;5082,00;-70,8525;42,0300;346,650;4654,550;20,6;20,6;0,106590;80,0;1,910;0;0,4130;5,9360;19,50;10,58570;4;334;22,00;376,04;5,570
357;0;74;1,00;-71,0830;42,2172;328,070;4675,780;17,8;17,8;8,982960;0,0;18,100;1;0,7700;6,2120;97,40;2,12220;24;666;20,20;377,73;17,600
358;0;74;2,00;-71,0950;42,2120;327,070;4675,230;21,7;21,7;3,849700;0,0;18,100;1;0,7700;6,3950;91,00;2,50520;24;666;20,20;391,34;13,270
359;0;74;3,00;-71,1007;42,2100;326,590;4675,020;22,7;22,7;5,201770;0,0;18,100;1;0,7700;6,1270;83,40;2,72270;24;666;20,20;395,43;11,480
360;0;74;4,00;-71,0930;42,2070;327,220;4674,670;22,6;22,6;4,261310;0,0;18,100;0;0,7700;6,1120;81,30;2,50910;24;666;20,20;390,74;12,670
361;0;74;5,00;-71,0905;42,2033;327,410;4674,250;25,0;25,0;4,541920;0,0;18,100;0;0,7700;6,3980;88,00;2,51820;24;666;20,20;374,56;7,790
362;0;74;6,00;-71,0865;42,2100;327,760;4674,990;19,9;19,9;3,836840;0,0;18,100;0;0,7700;6,2510;91,10;2,29550;24;666;20,20;350,65;14,190
363;0;74;7,00;-71,0810;42,2080;328,210;4674,750;20,8;20,8;3,678220;0,0;18,100;0;0,7700;5,3620;96,20;2,10360;24;666;20,20;380,79;10,190
364;0;74;8,00;-71,0865;42,2150;327,780;4675,540;16,8;16,8;4,222390;0,0;18,100;1;0,7700;5,8030;89,00;1,90470;24;666;20,20;353,04;14,640
365;0;75;101,00;-71,0590;42,2098;330,030;4674,910;21,9;21,9;3,474280;0,0;18,100;1;0,7180;8,7800;82,90;1,90470;24;666;20,20;354,55;5,290
366;0;75;102,00;-71,0595;42,2075;329,980;4674,650;27,5;27,5;4,555870;0,0;18,100;0;0,7180;3,5610;87,90;1,61320;24;666;20,20;354,70;7,120
367;0;75;104,00;-71,0540;42,2052;330,430;4674,390;21,9;21,9;3,696950;0,0;18,100;0;0,7180;4,9630;91,40;1,75230;24;666;20,20;316,03;14,000
368;0;75;105,00;-71,0508;42,2070;330,700;4674,580;23,1;23,1;13,522200;0,0;18,100;0;0,6310;3,8630;100,00;1,51060;24;666;20,20;131,42;13,330
369;0;75;107,00;-71,0480;42,2105;330,940;4674,960;50,0;50,0;4,898220;0,0;18,100;0;0,6310;4,9700;100,00;1,33250;24;666;20,20;375,52;3,260
370;0;75;108,00;-71,0497;42,2125;330,810;4675,190;50,0;50,0;5,669980;0,0;18,100;1;0,6310;6,6830;96,80;1,35670;24;666;20,20;375,33;3,730
371;0;76;201,00;-71,0422;42,2144;331,430;4675,390;50,0;50,0;6,538760;0,0;18,100;1;0,6310;7,0160;97,50;1,20240;24;666;20,20;392,05;2,960
372;0;76;202,00;-71,0417;42,2160;331,480;4675,560;50,0;50,0;9,232300;0,0;18,100;0;0,6310;6,2160;100,00;1,16910;24;666;20,20;366,15;9,530
373;0;76;203,00;-71,0397;42,2182;331,650;4675,800;50,0;50,0;8,267250;0,0;18,100;1;0,6680;5,8750;89,60;1,12960;24;666;20,20;347,88;8,880
374;0;77;301,00;-71,0339;42,2207;332,130;4676,070;13,8;13,8;11,108100;0,0;18,100;0;0,6680;4,9060;100,00;1,17420;24;666;20,20;396,90;34,770
375;0;77;302,00;-71,0346;42,2187;332,070;4675,850;13,8;13,8;18,498200;0,0;18,100;0;0,6680;4,1380;100,00;1,13700;24;666;20,20;396,90;37,970
376;0;78;401,00;-71,0367;42,2240;331,910;4676,440;15,0;15,0;19,609100;0,0;18,100;0;0,6710;7,3130;97,90;1,31630;24;666;20,20;396,90;13,440
377;0;78;402,00;-71,0340;42,2260;332,140;4676,660;13,9;13,9;15,288000;0,0;18,100;0;0,6710;6,6490;93,30;1,34490;24;666;20,20;363,02;23,240
378;0;78;403,00;-71,0380;42,2265;331,810;4676,720;13,3;13,3;9,823490;0,0;18,100;0;0,6710;6,7940;98,80;1,35800;24;666;20,20;396,90;21,240
379;0;78;404,00;-71,0400;42,2248;331,640;4676,540;13,1;13,1;23,648200;0,0;18,100;0;0,6710;6,3800;96,20;1,38610;24;666;20,20;396,90;23,690
380;0;78;405,00;-71,0400;42,2275;331,650;4676,840;10,2;10,2;17,866700;0,0;18,100;0;0,6710;6,2230;100,00;1,38610;24;666;20,20;393,74;21,780
381;0;78;406,00;-71,0460;42,2300;331,160;4677,130;10,4;10,4;88,976200;0,0;18,100;0;0,6710;6,9680;91,90;1,41650;24;666;20,20;396,90;17,210
382;0;79;407,00;-71,0410;42,2290;331,570;4677,010;10,9;10,9;15,874400;0,0;18,100;0;0,6710;6,5450;99,10;1,51920;24;666;20,20;396,90;21,080
383;0;79;501,00;-71,0230;42,2287;333,050;4676,940;11,3;11,3;9,187020;0,0;18,100;0;0,7000;5,5360;100,00;1,58040;24;666;20,20;396,90;23,600
384;0;79;502,00;-71,0215;42,2270;333,170;4676,740;12,3;12,3;7,992480;0,0;18,100;0;0,7000;5,5200;100,00;1,53310;24;666;20,20;396,90;24,560
385;0;79;503,00;-71,0245;42,2235;332,920;4676,360;8,8;8,8;20,084900;0,0;18,100;0;0,7000;4,3680;91,20;1,43950;24;666;20,20;285,83;30,630
386;0;79;504,00;-71,0235;42,2213;332,990;4676,120;7,2;7,2;16,811800;0,0;18,100;0;0,7000;5,2770;98,10;1,42610;24;666;20,20;396,90;30,810
387;0;79;506,00;-71,0228;42,2231;333,050;4676,310;10,5;10,5;24,393800;0,0;18,100;0;0,7000;4,6520;100,00;1,46720;24;666;20,20;396,90;28,280
388;0;79;507,00;-71,0215;42,2248;333,170;4676,500;7,4;7,4;22,597100;0,0;18,100;0;0,7000;5,0000;89,50;1,51840;24;666;20,20;396,90;31,990
389;0;79;508,00;-71,0195;42,2255;333,330;4676,570;10,2;10,2;14,333700;0,0;18,100;0;0,7000;4,8800;100,00;1,58950;24;666;20,20;372,92;30,620
390;0;79;509,00;-71,0168;42,2281;333,560;4676,860;11,5;11,5;8,151740;0,0;18,100;0;0,7000;5,3900;98,90;1,72810;24;666;20,20;396,90;20,850
391;0;79;510,00;-71,0109;42,2300;334,060;4677,060;15,1;15,1;6,962150;0,0;18,100;0;0,7000;5,7130;97,00;1,92650;24;666;20,20;394,43;17,110
392;0;79;511,00;-71,0035;42,2330;334,670;4677,380;23,2;23,2;5,293050;0,0;18,100;0;0,7000;6,0510;82,50;2,16780;24;666;20,20;378,38;18,760
393;0;79;512,00;-71,0200;42,2205;333,280;4676,020;9,7;9,7;11,577900;0,0;18,100;0;0,7000;5,0360;97,00;1,77000;24;666;20,20;396,90;25,680
394;0;80;601,00;-71,0167;42,2010;333,500;4673,850;13,8;13,8;8,644760;0,0;18,100;0;0,6930;6,1930;92,60;1,79120;24;666;20,20;396,90;15,170
395;0;80;602,00;-71,0200;42,1993;333,220;4673,670;12,7;12,7;13,359800;0,0;18,100;0;0,6930;5,8870;94,70;1,78210;24;666;20,20;396,90;16,350
396;0;80;603,00;-71,0220;42,1996;333,060;4673,700;13,1;13,1;8,716750;0,0;18,100;0;0,6930;6,4710;98,80;1,72570;24;666;20,20;391,98;17,120
397;0;80;604,00;-71,0260;42,1993;332,730;4673,680;12,5;12,5;5,872050;0,0;18,100;0;0,6930;6,4050;96,00;1,67680;24;666;20,20;396,90;19,370
398;0;80;605,00;-71,0250;42,2024;332,820;4674,020;8,5;8,5;7,672020;0,0;18,100;0;0,6930;5,7470;98,90;1,63340;24;666;20,20;393,10;19,920
399;0;80;606,00;-71,0230;42,2090;333,000;4674,750;5,0;5,0;38,351800;0,0;18,100;0;0,6930;5,4530;100,00;1,48960;24;666;20,20;396,90;30,590
400;0;80;607,00;-71,0330;42,2032;332,160;4674,120;6,3;6,3;9,916550;0,0;18,100;0;0,6930;5,8520;77,80;1,50040;24;666;20,20;338,16;29,970
401;0;80;608,00;-71,0326;42,2011;332,190;4673,890;5,6;5,6;25,046100;0,0;18,100;0;0,6930;5,9870;100,00;1,58880;24;666;20,20;396,90;26,770
402;0;80;609,00;-71,0300;42,2015;332,400;4673,930;7,2;7,2;14,236200;0,0;18,100;0;0,6930;6,3430;100,00;1,57410;24;666;20,20;396,90;20,320
403;0;80;610,00;-71,0300;42,1988;332,400;4673,630;12,1;12,1;9,595710;0,0;18,100;0;0,6930;6,4040;100,00;1,63900;24;666;20,20;376,11;20,310
404;0;80;612,00;-71,0332;42,1980;332,130;4673,550;8,3;8,3;24,801700;0,0;18,100;0;0,6930;5,3490;96,00;1,70280;24;666;20,20;396,90;19,770
405;0;80;613,00;-71,0345;42,2001;332,030;4673,780;8,5;8,5;41,529200;0,0;18,100;0;0,6930;5,5310;85,40;1,60740;24;666;20,20;329,46;27,380
406;0;80;614,00;-71,0320;42,2057;332,250;4674,400;5,0;5,0;67,920800;0,0;18,100;0;0,6930;5,6830;100,00;1,42540;24;666;20,20;384,97;22,980
407;0;81;702,00;-71,0390;42,2198;331,710;4675,980;11,9;11,9;20,716200;0,0;18,100;0;0,6590;4,1380;100,00;1,17810;24;666;20,20;370,22;23,340
408;0;81;703,00;-71,0427;42,2090;331,370;4674,790;27,9;27,9;11,951100;0,0;18,100;0;0,6590;5,6080;100,00;1,28520;24;666;20,20;332,09;12,130
409;0;81;705,00;-71,0437;42,2050;331,280;4674,350;17,2;17,2;7,403890;0,0;18,100;0;0,5970;5,6170;97,90;1,45470;24;666;20,20;314,64;26,400
410;0;81;706,00;-71,0455;42,2060;331,140;4674,460;27,5;27,5;14,438300;0,0;18,100;0;0,5970;6,8520;100,00;1,46550;24;666;20,20;179,36;19,780
411;0;81;707,00;-71,0462;42,2075;331,080;4674,630;15,0;15,0;51,135800;0,0;18,100;0;0,5970;5,7570;100,00;1,41300;24;666;20,20;2,60;10,110
412;0;81;708,00;-71,0487;42,2048;330,870;4674,330;17,2;17,2;14,050700;0,0;18,100;0;0,5970;6,6570;100,00;1,52750;24;666;20,20;35,05;21,220
413;0;81;709,00;-71,0470;42,2030;331,000;4674,130;17,9;17,9;18,811000;0,0;18,100;0;0,5970;4,6280;100,00;1,55390;24;666;20,20;28,79;34,370
414;0;81;710,00;-71,0451;42,2015;331,160;4673,960;16,3;16,3;28,655800;0,0;18,100;0;0,5970;5,1550;100,00;1,58940;24;666;20,20;210,97;20,080
415;0;82;801,00;-71,0420;42,1985;331,400;4673,620;7,0;7,0;45,746100;0,0;18,100;0;0,6930;4,5190;100,00;1,65820;24;666;20,20;88,27;36,980
416;0;82;802,00;-71,0455;42,1953;331,110;4673,270;7,2;7,2;18,084600;0,0;18,100;0;0,6790;6,4340;100,00;1,83470;24;666;20,20;27,25;29,050
417;0;82;803,00;-71,0477;42,1965;330,930;4673,410;7,5;7,5;10,834200;0,0;18,100;0;0,6790;6,7820;90,80;1,81950;24;666;20,20;21,57;25,790
418;0;82;805,00;-71,0498;42,2007;330,770;4673,880;10,4;10,4;25,940600;0,0;18,100;0;0,6790;5,3040;89,10;1,64750;24;666;20,20;127,36;26,640
419;0;82;807,00;-71,0525;42,1989;330,540;4673,690;8,8;8,8;73,534100;0,0;18,100;0;0,6790;5,9570;100,00;1,80260;24;666;20,20;16,45;20,620
420;0;82;808,00;-71,0586;42,1999;330,040;4673,810;8,4;8,4;11,812300;0,0;18,100;0;0,7180;6,8240;76,50;1,79400;24;666;20,20;48,45;22,740
421;0;82;809,00;-71,0618;42,1990;329,770;4673,720;16,7;16,7;11,087400;0,0;18,100;0;0,7180;6,4110;100,00;1,85890;24;666;20,20;318,75;15,020
422;0;82;810,00;-71,0650;42,2018;329,510;4674,030;14,2;14,2;7,022590;0,0;18,100;0;0,7180;6,0060;95,30;1,87460;24;666;20,20;319,98;15,700
423;0;82;811,00;-71,0665;42,1970;329,380;4673,500;20,8;20,8;12,048200;0,0;18,100;0;0,6140;5,6480;87,60;1,95120;24;666;20,20;291,55;14,100
424;0;82;812,00;-71,0619;42,1948;329,750;4673,250;13,4;13,4;7,050420;0,0;18,100;0;0,6140;6,1030;85,10;2,02180;24;666;20,20;2,52;23,290
425;0;82;813,00;-71,0590;42,1920;329,980;4672,930;11,7;11,7;8,792120;0,0;18,100;0;0,5840;5,5650;70,60;2,06350;24;666;20,20;3,65;17,160
426;0;82;814,00;-71,0577;42,1967;330,100;4673,450;8,3;8,3;15,860300;0,0;18,100;0;0,6790;5,8960;95,40;1,90960;24;666;20,20;7,68;24,390
427;0;82;815,00;-71,0558;42,1937;330,250;4673,110;10,2;10,2;12,247200;0,0;18,100;0;0,5840;5,8370;59,70;1,99760;24;666;20,20;24,65;15,690
428;0;82;816,00;-71,0542;42,1961;330,390;4673,380;10,9;10,9;37,661900;0,0;18,100;0;0,6790;6,2020;78,70;1,86290;24;666;20,20;18,82;14,520
429;0;82;817,00;-71,0521;42,1940;330,560;4673,140;11,0;11,0;7,367110;0,0;18,100;0;0,6790;6,1930;78,10;1,93560;24;666;20,20;96,73;21,520
430;0;82;818,00;-71,0485;42,1920;330,850;4672,910;9,5;9,5;9,338890;0,0;18,100;0;0,6790;6,3800;95,60;1,96820;24;666;20,20;60,72;24,080
431;0;82;819,00;-71,0547;42,1890;330,330;4672,590;14,5;14,5;8,492130;0,0;18,100;0;0,5840;6,3480;86,10;2,05270;24;666;20,20;83,45;17,640
432;0;82;820,00;-71,0505;42,1880;330,670;4672,470;14,1;14,1;10,062300;0,0;18,100;0;0,5840;6,8330;94,30;2,08820;24;666;20,20;81,33;19,690
433;0;82;821,00;-71,0520;42,1854;330,540;4672,190;16,1;16,1;6,444050;0,0;18,100;0;0,5840;6,4250;74,80;2,20040;24;666;20,20;97,95;12,030
434;0;83;901,00;-71,0495;42,1815;330,740;4671,750;14,3;14,3;5,581070;0,0;18,100;0;0,7130;6,4360;87,90;2,31580;24;666;20,20;100,19;16,220
435;0;83;902,00;-71,0475;42,1842;330,910;4672,040;11,7;11,7;13,913400;0,0;18,100;0;0,7130;6,2080;95,00;2,22220;24;666;20,20;100,63;15,170
436;0;83;903,00;-71,0460;42,1867;331,040;4672,320;13,4;13,4;11,160400;0,0;18,100;0;0,7400;6,6290;94,60;2,12470;24;666;20,20;109,85;23,270
437;0;83;904,00;-71,0455;42,1893;331,090;4672,610;9,6;9,6;14,420800;0,0;18,100;0;0,7400;6,4610;93,30;2,00260;24;666;20,20;27,49;18,050
438;0;83;905,00;-71,0445;42,1917;331,180;4672,870;8,7;8,2;15,177200;0,0;18,100;0;0,7400;6,1520;100,00;1,91420;24;666;20,20;9,32;26,450
439;0;83;906,00;-71,0445;42,1938;331,190;4673,100;8,4;8,4;13,678100;0,0;18,100;0;0,7400;5,9350;87,90;1,82060;24;666;20,20;68,95;34,020
440;0;83;907,00;-71,0370;42,1940;331,810;4673,110;12,8;12,8;9,390630;0,0;18,100;0;0,7400;5,6270;93,90;1,81720;24;666;20,20;396,90;22,880
441;0;83;908,00;-71,0321;42,1925;332,210;4672,930;10,5;10,5;22,051100;0,0;18,100;0;0,7400;5,8180;92,40;1,86620;24;666;20,20;391,45;22,110
442;0;83;910,00;-71,0345;42,1850;331,990;4672,110;17,1;17,1;9,724180;0,0;18,100;0;0,7400;6,4060;97,20;2,06510;24;666;20,20;385,96;19,520
443;0;83;911,00;-71,0340;42,1890;332,040;4672,550;18,4;14,8;5,666370;0,0;18,100;0;0,7400;6,2190;100,00;2,00480;24;666;20,20;395,69;16,590
444;0;83;912,00;-71,0378;42,1892;331,730;4672,580;15,4;15,4;9,966540;0,0;18,100;0;0,7400;6,4850;100,00;1,97840;24;666;20,20;386,73;18,850
445;0;83;913,00;-71,0405;42,1920;331,510;4672,900;10,8;10,8;12,802300;0,0;18,100;0;0,7400;5,8540;96,60;1,89560;24;666;20,20;240,52;23,790
446;0;83;914,00;-71,0425;42,1890;331,340;4672,570;11,8;11,8;10,671800;0,0;18,100;0;0,7400;6,4590;94,80;1,98790;24;666;20,20;43,06;23,980
447;0;83;915,00;-71,0390;42,1868;331,620;4672,320;14,9;14,9;6,288070;0,0;18,100;0;0,7400;6,3410;96,40;2,07200;24;666;20,20;318,01;17,790
448;0;83;916,00;-71,0370;42,1840;331,780;4672,000;12,6;12,6;9,924850;0,0;18,100;0;0,7400;6,2510;96,60;2,19800;24;666;20,20;388,52;16,440
449;0;83;917,00;-71,0400;42,1820;331,530;4671,780;14,1;14,1;9,329090;0,0;18,100;0;0,7130;6,1850;98,70;2,26160;24;666;20,20;396,90;18,130
450;0;83;918,00;-71,0428;42,1845;331,300;4672,070;13,0;13,0;7,526010;0,0;18,100;0;0,7130;6,4170;98,30;2,18500;24;666;20,20;304,21;19,310
451;0;83;919,00;-71,0460;42,1810;331,030;4671,690;13,4;13,4;6,717720;0,0;18,100;0;0,7130;6,7490;92,60;2,32360;24;666;20,20;0,32;17,440
452;0;83;920,00;-71,0410;42,1795;331,440;4671,510;15,2;15,2;5,441140;0,0;18,100;0;0,7130;6,6550;98,20;2,35520;24;666;20,20;355,29;17,730
453;0;83;921,00;-71,0340;42,1790;332,010;4671,440;16,1;16,1;5,090170;0,0;18,100;0;0,7130;6,2970;91,80;2,36820;24;666;20,20;385,09;17,270
454;0;83;922,00;-71,0400;42,1770;331,510;4671,230;17,8;17,8;8,248090;0,0;18,100;0;0,7130;7,3930;99,30;2,45270;24;666;20,20;375,87;16,740
455;0;83;923,00;-71,0455;42,1768;331,060;4671,220;14,9;14,4;9,513630;0,0;18,100;0;0,7130;6,7280;94,10;2,49610;24;666;20,20;6,68;18,710
456;0;83;924,00;-71,0510;42,1780;330,610;4671,360;14,1;14,1;4,752370;0,0;18,100;0;0,7130;6,5250;86,50;2,43580;24;666;20,20;50,92;18,130
457;0;84;1001,00;-71,0517;42,1735;330,540;4670,860;12,7;12,7;4,668830;0,0;18,100;0;0,7130;5,9760;87,90;2,58060;24;666;20,20;10,48;19,010
458;0;84;1002,00;-71,0515;42,1700;330,540;4670,470;13,5;13,5;8,200580;0,0;18,100;0;0,7130;5,9360;80,30;2,77920;24;666;20,20;3,50;16,940
459;0;84;1003,00;-71,0475;42,1690;330,870;4670,360;14,9;14,9;7,752230;0,0;18,100;0;0,7130;6,3010;83,70;2,78310;24;666;20,20;272,21;16,230
460;0;84;1004,00;-71,0430;42,1690;331,240;4670,350;20,0;20,0;6,801170;0,0;18,100;0;0,7130;6,0810;84,40;2,71750;24;666;20,20;396,90;14,700
461;0;84;1005,00;-71,0430;42,1728;331,250;4670,770;16,4;16,4;4,812130;0,0;18,100;0;0,7130;6,7010;90,00;2,59750;24;666;20,20;255,23;16,420
462;0;84;1006,00;-71,0350;42,1745;331,920;4670,940;17,7;17,7;3,693110;0,0;18,100;0;0,7130;6,3760;88,40;2,56710;24;666;20,20;391,43;14,650
463;0;84;1007,00;-71,0310;42,1695;332,240;4670,380;19,5;19,5;6,654920;0,0;18,100;0;0,7130;6,3170;83,00;2,73440;24;666;20,20;396,90;13,990
464;0;84;1008,00;-71,0358;42,1675;331,830;4670,170;20,2;20,2;5,821150;0,0;18,100;0;0,7130;6,5130;89,90;2,80160;24;666;20,20;393,82;10,290
465;0;84;1009,00;-71,0450;42,1640;331,070;4669,800;21,4;21,4;7,839320;0,0;18,100;0;0,6550;6,2090;65,40;2,96340;24;666;20,20;396,90;13,220
466;0;84;1010,00;-71,0550;42,1650;330,240;4669,930;19,9;19,9;3,163600;0,0;18,100;0;0,6550;5,7590;48,20;3,06650;24;666;20,20;334,40;14,130
467;0;84;1011,00;-71,0550;42,1685;330,250;4670,320;19,0;19,0;3,774980;0,0;18,100;0;0,6550;5,9520;84,70;2,87150;24;666;20,20;22,01;17,150
468;0;85;1101,00;-71,0660;42,1780;329,370;4671,390;19,1;19,1;4,422280;0,0;18,100;0;0,5840;6,0030;94,50;2,54030;24;666;20,20;331,29;21,320
469;0;85;1102,00;-71,0700;42,1680;329,010;4670,290;19,1;19,1;15,575700;0,0;18,100;0;0,5800;5,9260;71,00;2,90840;24;666;20,20;368,74;18,130
470;0;85;1103,00;-71,0690;42,1725;329,110;4670,790;20,1;20,1;13,075100;0,0;18,100;0;0,5800;5,7130;56,70;2,82370;24;666;20,20;396,90;14,760
471;0;85;1104,00;-71,0740;42,1680;328,680;4670,300;19,9;19,9;4,348790;0,0;18,100;0;0,5800;6,1670;84,00;3,03340;24;666;20,20;396,90;16,290
472;0;85;1105,00;-71,0825;42,1698;327,980;4670,510;19,6;19,6;4,038410;0,0;18,100;0;0,5320;6,2290;90,70;3,09930;24;666;20,20;395,33;12,870
473;0;85;1106,00;-71,0833;42,1750;327,930;4671,090;23,2;23,2;3,568680;0,0;18,100;0;0,5800;6,4370;75,00;2,89650;24;666;20,20;393,37;14,360
474;0;86;1201,00;-71,0732;42,1840;328,790;4672,070;29,8;29,8;4,646890;0,0;18,100;0;0,6140;6,9800;67,60;2,53290;24;666;20,20;374,68;11,660
475;0;86;1202,00;-71,0550;42,1830;330,290;4671,930;13,8;13,8;8,055790;0,0;18,100;0;0,5840;5,4270;95,40;2,42980;24;666;20,20;352,58;18,140
476;0;86;1203,00;-71,0511;42,1879;330,630;4672,460;13,3;13,3;6,393120;0,0;18,100;0;0,5840;6,1620;97,40;2,20600;24;666;20,20;302,76;24,100
477;0;86;1204,00;-71,0565;42,1880;330,180;4672,480;16,7;16,7;4,871410;0,0;18,100;0;0,6140;6,4840;93,60;2,30530;24;666;20,20;396,21;18,680
478;0;86;1205,00;-71,0528;42,1920;330,500;4672,920;12,0;12,0;15,023400;0,0;18,100;0;0,6140;5,3040;97,30;2,10070;24;666;20,20;349,48;24,910
479;0;86;1206,00;-71,0558;42,1913;330,250;4672,850;14,6;14,6;10,233000;0,0;18,100;0;0,6140;6,1850;96,70;2,17050;24;666;20,20;379,70;18,030
480;0;86;1207,00;-71,0670;42,1945;329,330;4673,230;21,4;21,4;14,333700;0,0;18,100;0;0,6140;6,2290;88,00;1,95120;24;666;20,20;383,32;13,110
481;0;87;1301,00;-71,1008;42,1740;326,480;4671,020;23,0;23,0;5,824010;0,0;18,100;0;0,5320;6,2420;64,70;3,42420;24;666;20,20;396,90;10,740
482;0;87;1302,00;-71,0950;42,1730;326,960;4670,900;23,7;23,7;5,708180;0,0;18,100;0;0,5320;6,7500;74,90;3,33170;24;666;20,20;393,07;7,740
483;0;87;1303,00;-71,0900;42,1665;327,350;4670,160;25,0;25,0;5,731160;0,0;18,100;0;0,5320;7,0610;77,00;3,41060;24;666;20,20;395,28;7,010
484;0;87;1304,00;-71,0975;42,1608;326,720;4669,550;21,8;21,8;2,818380;0,0;18,100;0;0,5320;5,7620;40,30;4,09830;24;666;20,20;392,92;10,420
485;0;88;1401,00;-71,0804;42,1540;328,110;4668,760;20,6;20,6;2,378570;0,0;18,100;0;0,5830;5,8710;41,90;3,72400;24;666;20,20;370,73;13,340
486;0;88;1402,00;-71,0750;42,1455;328,540;4667,800;21,2;21,2;3,673670;0,0;18,100;0;0,5830;6,3120;51,90;3,99170;24;666;20,20;388,62;10,580
487;0;88;1403,00;-71,0715;42,1550;328,850;4668,850;19,1;19,1;5,691750;0,0;18,100;0;0,5830;6,1140;79,80;3,54590;24;666;20,20;392,68;14,980
488;0;88;1404,00;-71,0650;42,1610;329,400;4669,500;20,6;20,6;4,835670;0,0;18,100;0;0,5830;5,9050;53,20;3,15230;24;666;20,20;388,22;11,450
489;0;89;1601,00;-71,0189;42,2344;333,410;4677,560;15,2;15,2;0,150860;0,0;27,740;0;0,6090;5,4540;92,70;1,82090;4;711;20,10;395,09;18,060
490;0;89;1602,00;-71,0228;42,2335;333,080;4677,470;7,0;7,0;0,183370;0,0;27,740;0;0,6090;5,4140;98,30;1,75540;4;711;20,10;344,05;23,970
491;0;89;1604,00;-71,0245;42,2368;332,950;4677,840;8,1;8,1;0,207460;0,0;27,740;0;0,6090;5,0930;98,00;1,82260;4;711;20,10;318,43;29,680
492;0;89;1605,00;-71,0160;42,2382;333,660;4677,980;13,6;13,6;0,105740;0,0;27,740;0;0,6090;5,9830;98,80;1,86810;4;711;20,10;390,11;18,070
493;0;89;1606,00;-71,0297;42,2447;332,540;4678,730;20,1;20,1;0,111320;0,0;27,740;0;0,6090;5,9830;83,50;2,10990;4;711;20,10;396,90;13,350
494;0;90;1701,00;-71,0125;42,2462;333,970;4678,860;21,8;21,8;0,173310;0,0;9,690;0;0,5850;5,7070;54,00;2,38170;6;391;19,20;396,90;12,010
495;0;90;1702,00;-71,0125;42,2500;333,980;4679,280;24,5;24,5;0,279570;0,0;9,690;0;0,5850;5,9260;42,60;2,38170;6;391;19,20;396,90;13,590
496;0;90;1703,00;-71,0105;42,2547;334,150;4679,800;23,1;23,1;0,178990;0,0;9,690;0;0,5850;5,6700;28,80;2,79860;6;391;19,20;393,29;17,600
497;0;90;1704,00;-71,0010;42,2525;334,930;4679,540;19,7;19,7;0,289600;0,0;9,690;0;0,5850;5,3900;72,90;2,79860;6;391;19,20;396,90;21,140
498;0;90;1705,00;-70,9947;42,2496;335,440;4679,200;18,3;18,3;0,268380;0,0;9,690;0;0,5850;5,7940;70,60;2,89270;6;391;19,20;396,90;14,100
499;0;90;1706,00;-71,0050;42,2455;334,580;4678,770;21,2;21,2;0,239120;0,0;9,690;0;0,5850;6,0190;65,30;2,40910;6;391;19,20;396,90;12,920
500;0;90;1707,00;-70,9985;42,2430;335,110;4678,480;17,5;17,5;0,177830;0,0;9,690;0;0,5850;5,5690;73,50;2,39990;6;391;19,20;395,77;15,100
501;0;90;1708,00;-70,9920;42,2380;335,640;4677,910;16,8;16,8;0,224380;0,0;9,690;0;0,5850;6,0270;79,70;2,49820;6;391;19,20;396,90;14,330
502;0;91;1801,00;-70,9860;42,2312;336,110;4677,140;22,4;22,4;0,062630;0,0;11,930;0;0,5730;6,5930;69,10;2,47860;1;273;21,00;391,99;9,670
503;0;91;1802,00;-70,9910;42,2275;335,690;4676,740;20,6;20,6;0,045270;0,0;11,930;0;0,5730;6,1200;76,70;2,28750;1;273;21,00;396,90;9,080
504;0;91;1803,00;-70,9948;42,2260;335,370;4676,580;23,9;23,9;0,060760;0,0;11,930;0;0,5730;6,9760;91,00;2,16750;1;273;21,00;396,90;5,640
505;0;91;1804,00;-70,9875;42,2240;335,970;4676,350;22,0;22,0;0,109590;0,0;11,930;0;0,5730;6,7940;89,30;2,38890;1;273;21,00;393,45;6,480
506;0;91;1805,00;-70,9825;42,2210;336,380;4676,000;11,9;19,0;0,047410;0,0;11,930;0;0,5730;6,0300;80,80;2,50500;1;273;21,00;396,90;7,880
